Date,Actual,Predicted
2019-01-02 00:00:00,50.398,40.101727
2019-01-02 01:00:00,46.897,46.91999
2019-01-02 02:00:00,47.868,43.547382
2019-01-02 03:00:00,47.475,44.6383
2019-01-02 04:00:00,46.995,45.342693
2019-01-02 05:00:00,48.799,45.843674
2019-01-02 06:00:00,53.474003,48.93084
2019-01-02 07:00:00,103.48499,55.703514
2019-01-02 08:00:00,137.004,157.98268
2019-01-02 09:00:00,156.488,178.33173
2019-01-02 10:00:00,214.08,199.7235
2019-01-02 11:00:00,260.69202,198.38705
2019-01-02 12:00:00,239.349,241.63635
2019-01-02 13:00:00,239.41501,233.80344
2019-01-02 14:00:00,235.819,232.25969
2019-01-02 15:00:00,254.15298,225.24689
2019-01-02 16:00:00,242.888,230.10216
2019-01-02 17:00:00,195.64801,205.37112
2019-01-02 18:00:00,178.972,128.70409
2019-01-02 19:00:00,147.909,129.29726
2019-01-02 20:00:00,99.572,107.81334
2019-01-02 21:00:00,69.488,68.01285
2019-01-02 22:00:00,55.313,53.13538
2019-01-02 23:00:00,47.091,48.517612
2019-01-03 00:00:00,53.003998,44.298725
2019-01-03 01:00:00,52.042,45.542618
2019-01-03 02:00:00,49.99,45.247257
2019-01-03 03:00:00,47.955,44.55792
2019-01-03 04:00:00,48.131,43.775887
2019-01-03 05:00:00,60.112,44.873993
2019-01-03 06:00:00,57.626,59.790443
2019-01-03 07:00:00,96.955,81.91644
2019-01-03 08:00:00,135.379,151.25441
2019-01-03 09:00:00,154.73,154.53308
2019-01-03 10:00:00,215.108,224.74094
2019-01-03 11:00:00,289.359,215.78021
2019-01-03 12:00:00,259.792,267.97604
2019-01-03 13:00:00,252.883,257.04626
2019-01-03 14:00:00,262.189,251.89758
2019-01-03 15:00:00,262.443,256.3514
2019-01-03 16:00:00,256.209,247.67592
2019-01-03 17:00:00,198.60199,230.08937
2019-01-03 18:00:00,176.608,136.90114
2019-01-03 19:00:00,136.83699,135.75652
2019-01-03 20:00:00,94.359,103.737076
2019-01-03 21:00:00,68.375,65.249306
2019-01-03 22:00:00,57.622,53.62848
2019-01-03 23:00:00,54.174,49.976963
2019-01-04 00:00:00,48.236,46.28088
2019-01-04 01:00:00,46.191998,45.305614
2019-01-04 02:00:00,45.728996,44.162304
2019-01-04 03:00:00,44.354,43.27005
2019-01-04 04:00:00,44.52,43.43992
2019-01-04 05:00:00,54.607,43.58661
2019-01-04 06:00:00,53.973,50.791897
2019-01-04 07:00:00,100.804,67.47938
2019-01-04 08:00:00,142.59,137.54706
2019-01-04 09:00:00,268.624,152.72357
2019-01-04 10:00:00,283.147,255.40787
2019-01-04 11:00:00,282.599,272.68085
2019-01-04 12:00:00,273.738,281.05804
2019-01-04 13:00:00,284.143,275.53766
2019-01-04 14:00:00,297.525,279.85367
2019-01-04 15:00:00,305.853,289.4848
2019-01-04 16:00:00,306.5,284.83246
2019-01-04 17:00:00,300.752,275.42554
2019-01-04 18:00:00,198.82,198.08275
2019-01-04 19:00:00,141.595,115.36104
2019-01-04 20:00:00,105.438995,102.38648
2019-01-04 21:00:00,80.546,69.28267
2019-01-04 22:00:00,61.045,55.149982
2019-01-04 23:00:00,52.549,49.539597
2019-01-05 00:00:00,54.523,46.884266
2019-01-05 01:00:00,53.505,45.946754
2019-01-05 02:00:00,54.18,45.319164
2019-01-05 03:00:00,52.949,45.980534
2019-01-05 04:00:00,51.105003,45.798542
2019-01-05 05:00:00,52.326,44.945045
2019-01-05 06:00:00,50.554,53.334206
2019-01-05 07:00:00,74.064,60.621807
2019-01-05 08:00:00,93.637,96.60784
2019-01-05 09:00:00,196.691,239.42084
2019-01-05 10:00:00,201.95801,210.85863
2019-01-05 11:00:00,206.688,214.34317
2019-01-05 12:00:00,213.787,208.58887
2019-01-05 13:00:00,215.526,216.04947
2019-01-05 14:00:00,206.129,216.95152
2019-01-05 15:00:00,219.911,208.3003
2019-01-05 16:00:00,221.655,221.10156
2019-01-05 17:00:00,221.035,224.19005
2019-01-05 18:00:00,137.9,158.74016
2019-01-05 19:00:00,92.763,106.29282
2019-01-05 20:00:00,84.294,76.32979
2019-01-05 21:00:00,67.467,59.33653
2019-01-05 22:00:00,58.704,50.256836
2019-01-05 23:00:00,53.078003,49.435017
2019-01-06 00:00:00,53.66,47.190567
2019-01-06 01:00:00,53.66,45.281067
2019-01-06 02:00:00,53.114,44.26885
2019-01-06 03:00:00,52.892002,45.122433
2019-01-06 04:00:00,52.181,45.681515
2019-01-06 05:00:00,52.452,44.832867
2019-01-06 06:00:00,52.029,56.819042
2019-01-06 07:00:00,58.054996,61.52902
2019-01-06 08:00:00,99.401,69.16197
2019-01-06 09:00:00,185.491,202.92928
2019-01-06 10:00:00,164.09601,182.9401
2019-01-06 11:00:00,165.624,219.13528
2019-01-06 12:00:00,163.586,207.28734
2019-01-06 13:00:00,164.37901,164.71605
2019-01-06 14:00:00,163.30699,157.83766
2019-01-06 15:00:00,93.085,160.66246
2019-01-06 16:00:00,71.103,71.97698
2019-01-06 17:00:00,71.229996,60.27805
2019-01-06 18:00:00,71.861,56.769215
2019-01-06 19:00:00,68.409,56.665703
2019-01-06 20:00:00,67.747,57.40481
2019-01-06 21:00:00,58.353996,62.2756
2019-01-06 22:00:00,55.925,48.9417
2019-01-06 23:00:00,55.042004,45.94086
2019-01-07 00:00:00,48.703,47.89419
2019-01-07 01:00:00,48.163998,44.442318
2019-01-07 02:00:00,46.537,42.781708
2019-01-07 03:00:00,46.265003,40.653164
2019-01-07 04:00:00,44.571,43.926476
2019-01-07 05:00:00,56.412,45.824738
2019-01-07 06:00:00,55.745,63.027103
2019-01-07 07:00:00,87.792,51.07857
2019-01-07 08:00:00,148.87001,75.16231
2019-01-07 09:00:00,180.257,175.75417
2019-01-07 10:00:00,213.972,168.89052
2019-01-07 11:00:00,269.983,198.32765
2019-01-07 12:00:00,262.858,239.97075
2019-01-07 13:00:00,260.367,248.688
2019-01-07 14:00:00,271.302,253.37648
2019-01-07 15:00:00,269.848,260.7618
2019-01-07 16:00:00,262.53198,252.55249
2019-01-07 17:00:00,260.315,240.99893
2019-01-07 18:00:00,249.81201,179.04779
2019-01-07 19:00:00,238.11499,134.34949
2019-01-07 20:00:00,173.049,133.19713
2019-01-07 21:00:00,86.325005,122.6798
2019-01-07 22:00:00,58.923,60.809704
2019-01-07 23:00:00,50.008,50.00707
2019-01-08 00:00:00,42.622,45.259636
2019-01-08 01:00:00,41.863,43.725204
2019-01-08 02:00:00,40.704002,43.02328
2019-01-08 03:00:00,38.776,41.930927
2019-01-08 04:00:00,39.189,41.393272
2019-01-08 05:00:00,39.778,42.862064
2019-01-08 06:00:00,41.784,45.31245
2019-01-08 07:00:00,66.585,48.40889
2019-01-08 08:00:00,209.168,98.985344
2019-01-08 09:00:00,205.55501,226.16583
2019-01-08 10:00:00,204.567,239.25246
2019-01-08 11:00:00,235.01999,237.14717
2019-01-08 12:00:00,208.33801,245.75963
2019-01-08 13:00:00,230.64699,224.94589
2019-01-08 14:00:00,238.812,236.61261
2019-01-08 15:00:00,213.955,242.25426
2019-01-08 16:00:00,234.88101,217.64201
2019-01-08 17:00:00,231.565,227.87761
2019-01-08 18:00:00,228.616,226.04695
2019-01-08 19:00:00,214.94499,108.87815
2019-01-08 20:00:00,97.722,124.59
2019-01-08 21:00:00,58.144,64.503395
2019-01-08 22:00:00,46.96,49.01336
2019-01-08 23:00:00,41.168,42.950836
2019-01-09 00:00:00,44.981,42.417835
2019-01-09 01:00:00,44.832,42.82156
2019-01-09 02:00:00,43.458,43.242302
2019-01-09 03:00:00,42.690002,40.40955
2019-01-09 04:00:00,43.51,42.264904
2019-01-09 05:00:00,43.015,45.174847
2019-01-09 06:00:00,42.321,46.90217
2019-01-09 07:00:00,48.257,52.59967
2019-01-09 08:00:00,49.078,69.15996
2019-01-09 09:00:00,49.809002,63.58665
2019-01-09 10:00:00,50.686,54.03399
2019-01-09 11:00:00,50.893,47.12983
2019-01-09 12:00:00,50.607002,47.891754
2019-01-09 13:00:00,51.735,49.302727
2019-01-09 14:00:00,51.971,50.102627
2019-01-09 15:00:00,52.615,51.36375
2019-01-09 16:00:00,53.854,49.785187
2019-01-09 17:00:00,54.782997,50.226517
2019-01-09 18:00:00,53.989002,51.264156
2019-01-09 19:00:00,51.729,52.10697
2019-01-09 20:00:00,53.208,50.104717
2019-01-09 21:00:00,46.915,50.668232
2019-01-09 22:00:00,47.328,44.41534
2019-01-09 23:00:00,46.368,45.36074
2019-01-10 00:00:00,56.887,44.517643
2019-01-10 01:00:00,55.321,74.46713
2019-01-10 02:00:00,51.801003,65.71334
2019-01-10 03:00:00,50.688,52.769863
2019-01-10 04:00:00,50.122,49.88467
2019-01-10 05:00:00,51.396004,47.940804
2019-01-10 06:00:00,60.528,51.787178
2019-01-10 07:00:00,95.442,86.32017
2019-01-10 08:00:00,245.37999,172.75421
2019-01-10 09:00:00,254.918,248.87573
2019-01-10 10:00:00,266.41,261.36218
2019-01-10 11:00:00,286.90198,261.351
2019-01-10 12:00:00,280.814,277.50854
2019-01-10 13:00:00,280.03998,277.17798
2019-01-10 14:00:00,293.809,278.18256
2019-01-10 15:00:00,293.754,282.17078
2019-01-10 16:00:00,288.633,286.98898
2019-01-10 17:00:00,282.992,279.45526
2019-01-10 18:00:00,270.42502,239.77109
2019-01-10 19:00:00,249.197,128.04274
2019-01-10 20:00:00,126.593,150.55513
2019-01-10 21:00:00,73.597,80.99041
2019-01-10 22:00:00,58.898,55.570457
2019-01-10 23:00:00,53.095997,48.35069
2019-01-11 00:00:00,49.518,45.973377
2019-01-11 01:00:00,48.331,44.71217
2019-01-11 02:00:00,47.041004,45.36698
2019-01-11 03:00:00,47.261,42.359108
2019-01-11 04:00:00,46.776,43.497063
2019-01-11 05:00:00,48.065,47.08446
2019-01-11 06:00:00,51.242,52.005108
2019-01-11 07:00:00,83.067,65.17933
2019-01-11 08:00:00,213.189,232.2084
2019-01-11 09:00:00,192.809,243.78957
2019-01-11 10:00:00,86.548004,233.37889
2019-01-11 11:00:00,86.543,109.11914
2019-01-11 12:00:00,85.296,74.899414
2019-01-11 13:00:00,82.201,61.32236
2019-01-11 14:00:00,82.625,58.832138
2019-01-11 15:00:00,86.843994,62.280533
2019-01-11 16:00:00,85.215996,72.156006
2019-01-11 17:00:00,84.447,63.59542
2019-01-11 18:00:00,85.471,64.197525
2019-01-11 19:00:00,83.058,68.26223
2019-01-11 20:00:00,66.569,60.85604
2019-01-11 21:00:00,56.509,49.196297
2019-01-11 22:00:00,51.478,48.20998
2019-01-11 23:00:00,48.449,49.96668
2019-01-12 00:00:00,47.265003,46.689175
2019-01-12 01:00:00,46.274002,41.836174
2019-01-12 02:00:00,45.508003,39.151726
2019-01-12 03:00:00,45.143997,40.94584
2019-01-12 04:00:00,43.684002,42.688335
2019-01-12 05:00:00,44.350998,45.91089
2019-01-12 06:00:00,43.753,44.373924
2019-01-12 07:00:00,49.43,44.795227
2019-01-12 08:00:00,48.560997,56.881172
2019-01-12 09:00:00,49.891,57.146427
2019-01-12 10:00:00,52.535,52.678497
2019-01-12 11:00:00,52.659996,53.3896
2019-01-12 12:00:00,54.464,51.226215
2019-01-12 13:00:00,56.046997,51.722027
2019-01-12 14:00:00,58.959,52.842216
2019-01-12 15:00:00,61.857,55.434437
2019-01-12 16:00:00,61.448,57.142376
2019-01-12 17:00:00,64.351006,56.804085
2019-01-12 18:00:00,64.473,58.453987
2019-01-12 19:00:00,61.321003,59.261337
2019-01-12 20:00:00,58.853,56.88303
2019-01-12 21:00:00,50.537003,54.354046
2019-01-12 22:00:00,48.115,47.465298
2019-01-12 23:00:00,47.628,44.742405
2019-01-13 00:00:00,48.802002,44.447693
2019-01-13 01:00:00,47.092,46.351353
2019-01-13 02:00:00,46.779,45.16594
2019-01-13 03:00:00,46.318996,45.07019
2019-01-13 04:00:00,46.74,44.4551
2019-01-13 05:00:00,46.725,45.151615
2019-01-13 06:00:00,46.574,46.103634
2019-01-13 07:00:00,46.574,46.656475
2019-01-13 08:00:00,46.968,46.4995
2019-01-13 09:00:00,49.624,46.485638
2019-01-13 10:00:00,48.633,49.49651
2019-01-13 11:00:00,50.095,47.422886
2019-01-13 12:00:00,50.635998,49.033306
2019-01-13 13:00:00,50.702,49.502407
2019-01-13 14:00:00,50.866,49.994675
2019-01-13 15:00:00,52.128998,50.411842
2019-01-13 16:00:00,52.058,51.42131
2019-01-13 17:00:00,58.300003,51.09793
2019-01-13 18:00:00,59.816998,57.18532
2019-01-13 19:00:00,58.445,59.740215
2019-01-13 20:00:00,55.056,58.17959
2019-01-13 21:00:00,52.37,52.82511
2019-01-13 22:00:00,49.433,49.48211
2019-01-13 23:00:00,49.947002,46.690434
2019-01-14 00:00:00,49.637,47.999466
2019-01-14 01:00:00,46.579,48.41215
2019-01-14 02:00:00,47.113,45.17395
2019-01-14 03:00:00,47.968,45.521385
2019-01-14 04:00:00,46.477,46.506947
2019-01-14 05:00:00,57.983,45.534405
2019-01-14 06:00:00,58.428,85.45461
2019-01-14 07:00:00,101.89,89.025085
2019-01-14 08:00:00,138.155,173.70728
2019-01-14 09:00:00,161.788,185.42271
2019-01-14 10:00:00,216.818,195.31415
2019-01-14 11:00:00,256.743,206.0832
2019-01-14 12:00:00,237.265,247.8412
2019-01-14 13:00:00,238.31,241.30115
2019-01-14 14:00:00,230.58601,236.3037
2019-01-14 15:00:00,253.83301,228.88715
2019-01-14 16:00:00,236.99301,232.34811
2019-01-14 17:00:00,201.55801,211.1538
2019-01-14 18:00:00,180.618,138.75237
2019-01-14 19:00:00,140.412,132.43164
2019-01-14 20:00:00,104.946,104.58596
2019-01-14 21:00:00,72.017,71.84947
2019-01-14 22:00:00,61.896,53.71923
2019-01-14 23:00:00,55.836998,50.090607
2019-01-15 00:00:00,51.708,46.3874
2019-01-15 01:00:00,48.789997,45.54903
2019-01-15 02:00:00,48.059,44.540993
2019-01-15 03:00:00,47.612,44.208904
2019-01-15 04:00:00,48.319,44.22548
2019-01-15 05:00:00,52.448997,45.02627
2019-01-15 06:00:00,60.594,51.868607
2019-01-15 07:00:00,94.689,81.25077
2019-01-15 08:00:00,138.272,141.88525
2019-01-15 09:00:00,160.224,156.58623
2019-01-15 10:00:00,222.352,218.11197
2019-01-15 11:00:00,257.782,223.50632
2019-01-15 12:00:00,238.07199,249.43997
2019-01-15 13:00:00,240.774,242.036
2019-01-15 14:00:00,235.815,240.54996
2019-01-15 15:00:00,254.612,236.37013
2019-01-15 16:00:00,256.338,239.2638
2019-01-15 17:00:00,207.362,224.98862
2019-01-15 18:00:00,181.553,138.03407
2019-01-15 19:00:00,143.582,130.60352
2019-01-15 20:00:00,97.411,109.08756
2019-01-15 21:00:00,71.162,66.47302
2019-01-15 22:00:00,63.911003,53.59949
2019-01-15 23:00:00,58.086,50.765446
2019-01-16 00:00:00,51.599,47.248787
2019-01-16 01:00:00,49.101997,45.546444
2019-01-16 02:00:00,48.544,44.776234
2019-01-16 03:00:00,48.641,44.485832
2019-01-16 04:00:00,48.921997,44.29534
2019-01-16 05:00:00,55.954,44.895344
2019-01-16 06:00:00,58.968,54.745182
2019-01-16 07:00:00,100.573,81.43419
2019-01-16 08:00:00,134.386,155.93538
2019-01-16 09:00:00,161.277,154.25941
2019-01-16 10:00:00,230.255,225.84274
2019-01-16 11:00:00,271.354,225.43274
2019-01-16 12:00:00,243.19301,259.41318
2019-01-16 13:00:00,248.919,248.22058
2019-01-16 14:00:00,247.047,247.18176
2019-01-16 15:00:00,245.962,245.07463
2019-01-16 16:00:00,260.009,236.57202
2019-01-16 17:00:00,197.55699,229.96152
2019-01-16 18:00:00,199.243,136.76479
2019-01-16 19:00:00,164.73499,134.54219
2019-01-16 20:00:00,126.254005,119.84683
2019-01-16 21:00:00,91.159004,90.24328
2019-01-16 22:00:00,62.265,60.88486
2019-01-16 23:00:00,53.093,51.577892
2019-01-17 00:00:00,51.149998,45.918987
2019-01-17 01:00:00,50.53,45.638004
2019-01-17 02:00:00,49.197,44.668953
2019-01-17 03:00:00,50.061996,44.56225
2019-01-17 04:00:00,49.72,44.838776
2019-01-17 05:00:00,56.295,44.577976
2019-01-17 06:00:00,59.189,55.381382
2019-01-17 07:00:00,102.292,77.71795
2019-01-17 08:00:00,131.397,135.65727
2019-01-17 09:00:00,156.91,156.58937
2019-01-17 10:00:00,216.27701,233.88321
2019-01-17 11:00:00,252.164,223.61606
2019-01-17 12:00:00,232.20499,248.82558
2019-01-17 13:00:00,247.38501,238.36234
2019-01-17 14:00:00,241.71599,245.0437
2019-01-17 15:00:00,259.207,239.43309
2019-01-17 16:00:00,244.71,243.15991
2019-01-17 17:00:00,205.599,219.04686
2019-01-17 18:00:00,180.33699,143.28796
2019-01-17 19:00:00,143.506,132.1212
2019-01-17 20:00:00,97.225,110.77017
2019-01-17 21:00:00,72.286995,69.0792
2019-01-17 22:00:00,60.157,54.101456
2019-01-17 23:00:00,54.114,49.58713
2019-01-18 00:00:00,50.449,46.71172
2019-01-18 01:00:00,50.396,45.644917
2019-01-18 02:00:00,50.139,45.142105
2019-01-18 03:00:00,49.735,44.703136
2019-01-18 04:00:00,49.18,44.72269
2019-01-18 05:00:00,62.407,45.417572
2019-01-18 06:00:00,61.387,63.009163
2019-01-18 07:00:00,101.952995,90.628044
2019-01-18 08:00:00,152.34999,149.5901
2019-01-18 09:00:00,181.15599,167.39558
2019-01-18 10:00:00,224.239,201.61285
2019-01-18 11:00:00,253.617,226.62001
2019-01-18 12:00:00,233.978,246.15604
2019-01-18 13:00:00,244.166,239.99232
2019-01-18 14:00:00,237.93399,240.50945
2019-01-18 15:00:00,242.05699,237.86053
2019-01-18 16:00:00,254.858,228.88802
2019-01-18 17:00:00,200.142,218.97284
2019-01-18 18:00:00,204.827,129.18665
2019-01-18 19:00:00,159.106,129.76071
2019-01-18 20:00:00,99.588,118.9969
2019-01-18 21:00:00,68.477005,69.11442
2019-01-18 22:00:00,54.499,52.77972
2019-01-18 23:00:00,50.145,48.375065
2019-01-19 00:00:00,48.938,44.872864
2019-01-19 01:00:00,48.086,45.08088
2019-01-19 02:00:00,47.396,44.25956
2019-01-19 03:00:00,48.031998,43.95076
2019-01-19 04:00:00,48.288998,44.71007
2019-01-19 05:00:00,47.801,45.57664
2019-01-19 06:00:00,47.727997,50.22186
2019-01-19 07:00:00,48.179,60.416027
2019-01-19 08:00:00,58.766,58.307354
2019-01-19 09:00:00,70.225,61.295776
2019-01-19 10:00:00,69.059,77.69104
2019-01-19 11:00:00,71.823,64.839676
2019-01-19 12:00:00,70.387,59.084736
2019-01-19 13:00:00,68.16,58.56303
2019-01-19 14:00:00,71.832,57.659206
2019-01-19 15:00:00,77.519,59.504612
2019-01-19 16:00:00,76.562004,69.46103
2019-01-19 17:00:00,76.622,65.85912
2019-01-19 18:00:00,66.615,67.814
2019-01-19 19:00:00,60.257,61.88212
2019-01-19 20:00:00,53.652,56.35692
2019-01-19 21:00:00,50.66,48.10057
2019-01-19 22:00:00,49.616,45.522545
2019-01-19 23:00:00,49.341,45.22119
2019-01-20 00:00:00,49.025,46.066875
2019-01-20 01:00:00,46.920002,46.686565
2019-01-20 02:00:00,47.495,44.38056
2019-01-20 03:00:00,47.371002,45.462738
2019-01-20 04:00:00,46.992,45.871113
2019-01-20 05:00:00,47.104,46.662094
2019-01-20 06:00:00,47.089,46.765453
2019-01-20 07:00:00,47.186,47.175415
2019-01-20 08:00:00,74.83,47.90318
2019-01-20 09:00:00,93.834,109.11155
2019-01-20 10:00:00,90.726006,138.06284
2019-01-20 11:00:00,90.677,99.13194
2019-01-20 12:00:00,86.095,89.11331
2019-01-20 13:00:00,84.326,79.23371
2019-01-20 14:00:00,91.164,79.881165
2019-01-20 15:00:00,89.43,87.399
2019-01-20 16:00:00,87.632,87.9846
2019-01-20 17:00:00,90.82201,83.81627
2019-01-20 18:00:00,88.26499,79.62853
2019-01-20 19:00:00,72.123,73.72082
2019-01-20 20:00:00,51.569,61.50685
2019-01-20 21:00:00,50.356003,44.717373
2019-01-20 22:00:00,49.986,43.322407
2019-01-20 23:00:00,49.889,42.335056
2019-01-21 00:00:00,47.296997,45.24392
2019-01-21 01:00:00,47.036003,45.773045
2019-01-21 02:00:00,46.084,43.857502
2019-01-21 03:00:00,46.996002,41.339386
2019-01-21 04:00:00,46.841,44.0919
2019-01-21 05:00:00,58.383,47.504597
2019-01-21 06:00:00,57.725998,64.33023
2019-01-21 07:00:00,98.549995,62.58223
2019-01-21 08:00:00,127.464,133.31108
2019-01-21 09:00:00,150.335,183.82794
2019-01-21 10:00:00,215.22499,202.02211
2019-01-21 11:00:00,254.218,197.70158
2019-01-21 12:00:00,239.121,234.48697
2019-01-21 13:00:00,245.70401,231.99663
2019-01-21 14:00:00,238.841,233.72383
2019-01-21 15:00:00,245.166,228.3245
2019-01-21 16:00:00,251.853,204.79877
2019-01-21 17:00:00,200.872,203.20273
2019-01-21 18:00:00,185.762,134.23141
2019-01-21 19:00:00,145.649,133.96924
2019-01-21 20:00:00,101.812004,108.34742
2019-01-21 21:00:00,69.186005,71.62436
2019-01-21 22:00:00,55.677,52.851734
2019-01-21 23:00:00,51.216,48.794605
2019-01-22 00:00:00,50.233,45.55751
2019-01-22 01:00:00,48.382,45.24446
2019-01-22 02:00:00,48.207996,44.226715
2019-01-22 03:00:00,48.930004,44.23498
2019-01-22 04:00:00,48.473,44.440464
2019-01-22 05:00:00,54.194,44.75583
2019-01-22 06:00:00,60.605,53.258373
2019-01-22 07:00:00,102.829,84.93139
2019-01-22 08:00:00,139.468,148.93149
2019-01-22 09:00:00,160.653,156.04301
2019-01-22 10:00:00,225.538,220.99113
2019-01-22 11:00:00,265.06,222.47792
2019-01-22 12:00:00,240.961,254.75656
2019-01-22 13:00:00,257.289,245.00499
2019-01-22 14:00:00,248.314,251.52283
2019-01-22 15:00:00,252.22299,245.15392
2019-01-22 16:00:00,257.71,240.36601
2019-01-22 17:00:00,204.222,226.5321
2019-01-22 18:00:00,182.617,135.48105
2019-01-22 19:00:00,143.755,133.61661
2019-01-22 20:00:00,102.826004,108.53816
2019-01-22 21:00:00,71.375,70.69565
2019-01-22 22:00:00,57.372997,53.919243
2019-01-22 23:00:00,56.091,49.39523
2019-01-23 00:00:00,54.116,46.820534
2019-01-23 01:00:00,54.155,46.308517
2019-01-23 02:00:00,50.842,45.589245
2019-01-23 03:00:00,48.823,45.129345
2019-01-23 04:00:00,48.781,44.77801
2019-01-23 05:00:00,61.633,44.76348
2019-01-23 06:00:00,61.805,61.719673
2019-01-23 07:00:00,103.621,88.99244
2019-01-23 08:00:00,138.01001,162.37158
2019-01-23 09:00:00,164.34099,158.40997
2019-01-23 10:00:00,224.59,219.77103
2019-01-23 11:00:00,272.868,223.65862
2019-01-23 12:00:00,239.91599,258.3058
2019-01-23 13:00:00,248.624,246.15074
2019-01-23 14:00:00,245.25198,246.70181
2019-01-23 15:00:00,247.241,243.19688
2019-01-23 16:00:00,264.198,234.87729
2019-01-23 17:00:00,210.487,230.27261
2019-01-23 18:00:00,186.048,136.23564
2019-01-23 19:00:00,144.012,134.03712
2019-01-23 20:00:00,106.760994,108.12623
2019-01-23 21:00:00,76.089,74.04313
2019-01-23 22:00:00,62.069,55.21883
2019-01-23 23:00:00,58.632,50.955147
2019-01-24 00:00:00,52.957,47.37766
2019-01-24 01:00:00,49.904,46.264343
2019-01-24 02:00:00,49.04,44.689835
2019-01-24 03:00:00,49.22,44.814434
2019-01-24 04:00:00,48.784,45.09745
2019-01-24 05:00:00,61.389,44.606243
2019-01-24 06:00:00,59.524002,60.527775
2019-01-24 07:00:00,102.012,83.659
2019-01-24 08:00:00,138.317,157.45003
2019-01-24 09:00:00,163.259,157.4145
2019-01-24 10:00:00,227.74,220.86641
2019-01-24 11:00:00,267.422,227.07605
2019-01-24 12:00:00,243.531,256.7382
2019-01-24 13:00:00,237.26,248.13454
2019-01-24 14:00:00,245.053,241.37404
2019-01-24 15:00:00,257.555,241.17206
2019-01-24 16:00:00,234.065,242.2232
2019-01-24 17:00:00,200.70901,209.43779
2019-01-24 18:00:00,186.806,141.23671
2019-01-24 19:00:00,146.184,132.87856
2019-01-24 20:00:00,103.684,110.001396
2019-01-24 21:00:00,75.469,72.63133
2019-01-24 22:00:00,55.615997,55.212997
2019-01-24 23:00:00,51.100002,48.79415
2019-01-25 00:00:00,50.352997,45.282394
2019-01-25 01:00:00,49.327,45.403564
2019-01-25 02:00:00,49.543,44.791443
2019-01-25 03:00:00,48.971,44.03693
2019-01-25 04:00:00,48.231,44.60344
2019-01-25 05:00:00,59.164997,45.35032
2019-01-25 06:00:00,58.226,58.46265
2019-01-25 07:00:00,103.997,81.39698
2019-01-25 08:00:00,137.114,141.05292
2019-01-25 09:00:00,156.87401,164.21596
2019-01-25 10:00:00,217.576,224.32011
2019-01-25 11:00:00,261.182,222.12288
2019-01-25 12:00:00,249.46399,251.78285
2019-01-25 13:00:00,223.78601,247.41681
2019-01-25 14:00:00,254.102,231.54123
2019-01-25 15:00:00,238.56,245.1465
2019-01-25 16:00:00,245.216,228.12247
2019-01-25 17:00:00,192.618,213.89511
2019-01-25 18:00:00,177.874,135.2504
2019-01-25 19:00:00,145.121,131.41603
2019-01-25 20:00:00,105.106995,109.69812
2019-01-25 21:00:00,77.365,73.13759
2019-01-25 22:00:00,57.571,55.09852
2019-01-25 23:00:00,52.003002,49.722046
2019-01-26 00:00:00,51.845,45.365025
2019-01-26 01:00:00,50.223,45.722523
2019-01-26 02:00:00,50.42,45.04823
2019-01-26 03:00:00,50.11,44.33898
2019-01-26 04:00:00,50.645,45.09954
2019-01-26 05:00:00,50.743,45.61408
2019-01-26 06:00:00,51.152,49.49211
2019-01-26 07:00:00,51.653,66.39432
2019-01-26 08:00:00,53.812,62.400906
2019-01-26 09:00:00,55.683,53.93178
2019-01-26 10:00:00,53.828,53.206966
2019-01-26 11:00:00,55.3,50.77015
2019-01-26 12:00:00,55.433002,50.28176
2019-01-26 13:00:00,56.385002,51.01616
2019-01-26 14:00:00,57.023003,51.653484
2019-01-26 15:00:00,57.763996,51.263615
2019-01-26 16:00:00,58.493,54.740795
2019-01-26 17:00:00,63.408,54.193382
2019-01-26 18:00:00,67.498,60.846626
2019-01-26 19:00:00,65.963005,63.19179
2019-01-26 20:00:00,61.762,61.18625
2019-01-26 21:00:00,59.225002,60.050846
2019-01-26 22:00:00,58.207,55.399258
2019-01-26 23:00:00,56.158,53.812366
2019-01-27 00:00:00,53.518997,52.56466
2019-01-27 01:00:00,51.177,51.019302
2019-01-27 02:00:00,50.061996,48.247906
2019-01-27 03:00:00,50.312996,46.87909
2019-01-27 04:00:00,49.665,47.61909
2019-01-27 05:00:00,49.422,48.001976
2019-01-27 06:00:00,49.322002,48.207623
2019-01-27 07:00:00,50.911003,48.076687
2019-01-27 08:00:00,51.246002,49.866142
2019-01-27 09:00:00,53.033,50.731564
2019-01-27 10:00:00,53.438,53.835876
2019-01-27 11:00:00,54.79,53.611496
2019-01-27 12:00:00,56.153,53.89017
2019-01-27 13:00:00,56.154,55.621407
2019-01-27 14:00:00,59.489998,55.02239
2019-01-27 15:00:00,60.265,58.974087
2019-01-27 16:00:00,61.279,57.794018
2019-01-27 17:00:00,65.079,57.72058
2019-01-27 18:00:00,66.625,62.606754
2019-01-27 19:00:00,64.269,65.00741
2019-01-27 20:00:00,61.928,61.662033
2019-01-27 21:00:00,55.931,58.014748
2019-01-27 22:00:00,54.658,52.630646
2019-01-27 23:00:00,52.444004,51.060513
2019-01-28 00:00:00,52.017002,49.65784
2019-01-28 01:00:00,50.278,49.45702
2019-01-28 02:00:00,49.543,47.824993
2019-01-28 03:00:00,49.73,47.21055
2019-01-28 04:00:00,49.683002,47.610836
2019-01-28 05:00:00,57.395,47.9466
2019-01-28 06:00:00,59.837,66.92171
2019-01-28 07:00:00,97.687004,79.97115
2019-01-28 08:00:00,138.147,175.24852
2019-01-28 09:00:00,167.47401,187.35178
2019-01-28 10:00:00,227.679,192.05238
2019-01-28 11:00:00,272.783,213.15942
2019-01-28 12:00:00,249.866,259.42325
2019-01-28 13:00:00,239.124,250.57434
2019-01-28 14:00:00,246.185,237.03537
2019-01-28 15:00:00,271.353,238.13335
2019-01-28 16:00:00,251.795,247.41542
2019-01-28 17:00:00,206.705,225.09207
2019-01-28 18:00:00,250.44301,144.32407
2019-01-28 19:00:00,194.715,138.04753
2019-01-28 20:00:00,167.231,124.08362
2019-01-28 21:00:00,131.698,118.09355
2019-01-28 22:00:00,66.458,84.079346
2019-01-28 23:00:00,53.641003,53.803047
2019-01-29 00:00:00,52.704,45.90602
2019-01-29 01:00:00,50.678997,46.708282
2019-01-29 02:00:00,50.108,45.312603
2019-01-29 03:00:00,50.293,44.346577
2019-01-29 04:00:00,51.091,45.193172
2019-01-29 05:00:00,61.305,45.609837
2019-01-29 06:00:00,62.937,57.38324
2019-01-29 07:00:00,104.582,72.38247
2019-01-29 08:00:00,134.438,129.68877
2019-01-29 09:00:00,161.004,195.30281
2019-01-29 10:00:00,227.221,222.93477
2019-01-29 11:00:00,266.932,240.48499
2019-01-29 12:00:00,244.67099,266.84097
2019-01-29 13:00:00,252.036,247.50223
2019-01-29 14:00:00,244.79599,251.15787
2019-01-29 15:00:00,250.89099,247.01039
2019-01-29 16:00:00,254.741,237.92157
2019-01-29 17:00:00,203.946,230.10718
2019-01-29 18:00:00,203.738,149.84181
2019-01-29 19:00:00,176.14699,137.90648
2019-01-29 20:00:00,134.381,123.42791
2019-01-29 21:00:00,104.663,100.442055
2019-01-29 22:00:00,64.361,68.14853
2019-01-29 23:00:00,53.035,52.33582
2019-01-30 00:00:00,50.148,46.509575
2019-01-30 01:00:00,50.47,45.46499
2019-01-30 02:00:00,49.602,45.027
2019-01-30 03:00:00,49.774002,44.57589
2019-01-30 04:00:00,50.007,45.17536
2019-01-30 05:00:00,51.343998,45.126057
2019-01-30 06:00:00,54.381,50.128956
2019-01-30 07:00:00,99.758995,68.40303
2019-01-30 08:00:00,131.013,128.81792
2019-01-30 09:00:00,155.84,158.58124
2019-01-30 10:00:00,226.358,232.83018
2019-01-30 11:00:00,273.336,231.52002
2019-01-30 12:00:00,241.831,264.8519
2019-01-30 13:00:00,260.745,248.60161
2019-01-30 14:00:00,250.014,255.97595
2019-01-30 15:00:00,257.29,250.16667
2019-01-30 16:00:00,264.063,246.08281
2019-01-30 17:00:00,205.16399,240.27248
2019-01-30 18:00:00,208.885,146.29745
2019-01-30 19:00:00,176.482,138.69537
2019-01-30 20:00:00,138.478,123.86908
2019-01-30 21:00:00,104.988,103.023445
2019-01-30 22:00:00,65.041,69.01285
2019-01-30 23:00:00,53.661,52.44092
2019-01-31 00:00:00,52.288002,46.60371
2019-01-31 01:00:00,51.391003,46.17761
2019-01-31 02:00:00,50.79,44.980816
2019-01-31 03:00:00,51.112,44.941547
2019-01-31 04:00:00,51.031,44.96633
2019-01-31 05:00:00,52.769,44.638836
2019-01-31 06:00:00,56.339,50.77162
2019-01-31 07:00:00,107.07201,69.65517
2019-01-31 08:00:00,132.192,133.61385
2019-01-31 09:00:00,165.15399,159.11311
2019-01-31 10:00:00,223.475,231.98125
2019-01-31 11:00:00,269.866,231.55789
2019-01-31 12:00:00,244.307,263.30093
2019-01-31 13:00:00,256.03302,250.30861
2019-01-31 14:00:00,244.419,254.02563
2019-01-31 15:00:00,251.336,245.65735
2019-01-31 16:00:00,265.612,240.72455
2019-01-31 17:00:00,198.124,238.90004
2019-01-31 18:00:00,180.23499,142.21178
2019-01-31 19:00:00,146.66,135.25755
2019-01-31 20:00:00,103.014,112.64113
2019-01-31 21:00:00,72.086,71.611885
2019-01-31 22:00:00,55.795998,54.23005
2019-01-31 23:00:00,52.752003,49.580627
2019-02-01 00:00:00,43.588997,45.947407
2019-02-01 01:00:00,42.369,43.861816
2019-02-01 02:00:00,42.296,42.868656
2019-02-01 03:00:00,42.464,43.057808
2019-02-01 04:00:00,42.226,42.929535
2019-02-01 05:00:00,45.824,42.231705
2019-02-01 06:00:00,54.883003,46.87668
2019-02-01 07:00:00,96.789,69.990524
2019-02-01 08:00:00,121.48,132.0063
2019-02-01 09:00:00,142.384,149.2596
2019-02-01 10:00:00,206.09099,223.02875
2019-02-01 11:00:00,247.693,208.91557
2019-02-01 12:00:00,221.832,243.98473
2019-02-01 13:00:00,235.62599,231.76624
2019-02-01 14:00:00,221.42499,236.43413
2019-02-01 15:00:00,227.743,226.91994
2019-02-01 16:00:00,230.677,223.3912
2019-02-01 17:00:00,180.33899,208.65378
2019-02-01 18:00:00,164.46701,135.40804
2019-02-01 19:00:00,133.69,127.13801
2019-02-01 20:00:00,99.046,102.02996
2019-02-01 21:00:00,72.501,68.32625
2019-02-01 22:00:00,57.921,53.50379
2019-02-01 23:00:00,52.897003,49.113052
2019-02-02 00:00:00,46.956,45.626705
2019-02-02 01:00:00,46.305,43.9044
2019-02-02 02:00:00,45.693,43.19522
2019-02-02 03:00:00,45.417,43.09982
2019-02-02 04:00:00,45.398003,43.11552
2019-02-02 05:00:00,45.533,43.278812
2019-02-02 06:00:00,46.361,45.96972
2019-02-02 07:00:00,46.999,57.60967
2019-02-02 08:00:00,47.864002,57.563717
2019-02-02 09:00:00,49.36,48.09599
2019-02-02 10:00:00,49.796,48.803677
2019-02-02 11:00:00,50.298,47.75243
2019-02-02 12:00:00,49.52,47.90708
2019-02-02 13:00:00,49.832996,48.269318
2019-02-02 14:00:00,51.398,49.070705
2019-02-02 15:00:00,52.523003,48.989777
2019-02-02 16:00:00,54.666,50.39626
2019-02-02 17:00:00,54.298004,50.899487
2019-02-02 18:00:00,59.688004,52.619663
2019-02-02 19:00:00,58.731,56.618282
2019-02-02 20:00:00,54.442,55.68235
2019-02-02 21:00:00,51.411,52.1169
2019-02-02 22:00:00,49.319,49.193672
2019-02-02 23:00:00,48.503998,46.998333
2019-02-03 00:00:00,51.571,46.177017
2019-02-03 01:00:00,48.638,50.31668
2019-02-03 02:00:00,48.538998,47.568493
2019-02-03 03:00:00,47.624,46.92183
2019-02-03 04:00:00,48.584,45.89925
2019-02-03 05:00:00,48.059,47.13829
2019-02-03 06:00:00,47.678,47.137486
2019-02-03 07:00:00,50.036,47.114204
2019-02-03 08:00:00,51.242,51.127197
2019-02-03 09:00:00,51.481,52.1949
2019-02-03 10:00:00,51.724,53.249302
2019-02-03 11:00:00,53.174,51.331085
2019-02-03 12:00:00,53.03,52.842815
2019-02-03 13:00:00,54.631,51.61436
2019-02-03 14:00:00,55.861004,54.266644
2019-02-03 15:00:00,56.832,55.725136
2019-02-03 16:00:00,58.053,56.41518
2019-02-03 17:00:00,57.779,56.03491
2019-02-03 18:00:00,61.600998,55.052357
2019-02-03 19:00:00,61.359,60.97721
2019-02-03 20:00:00,58.943996,61.287205
2019-02-03 21:00:00,52.103,58.201794
2019-02-03 22:00:00,51.993,49.67526
2019-02-03 23:00:00,51.425,49.28219
2019-02-04 00:00:00,51.043003,48.859894
2019-02-04 01:00:00,50.495,49.063766
2019-02-04 02:00:00,48.649998,48.84421
2019-02-04 03:00:00,48.822,46.96889
2019-02-04 04:00:00,48.211002,46.959232
2019-02-04 05:00:00,53.287,46.609936
2019-02-04 06:00:00,60.177998,54.56302
2019-02-04 07:00:00,101.4,87.83977
2019-02-04 08:00:00,138.122,173.76526
2019-02-04 09:00:00,254.98099,187.57108
2019-02-04 10:00:00,275.644,251.2388
2019-02-04 11:00:00,276.244,268.3884
2019-02-04 12:00:00,287.552,274.3309
2019-02-04 13:00:00,287.21402,283.7859
2019-02-04 14:00:00,297.846,282.85638
2019-02-04 15:00:00,301.007,292.7963
2019-02-04 16:00:00,300.62,285.36188
2019-02-04 17:00:00,319.627,288.12335
2019-02-04 18:00:00,210.181,270.80698
2019-02-04 19:00:00,149.415,126.77735
2019-02-04 20:00:00,111.861,109.2035
2019-02-04 21:00:00,76.976006,74.06168
2019-02-04 22:00:00,58.497,54.244556
2019-02-04 23:00:00,53.736,48.749687
2019-02-05 00:00:00,53.232998,48.000412
2019-02-05 01:00:00,51.327,45.60958
2019-02-05 02:00:00,51.915997,44.715607
2019-02-05 03:00:00,51.898003,45.745304
2019-02-05 04:00:00,51.286003,46.001945
2019-02-05 05:00:00,59.766003,45.26956
2019-02-05 06:00:00,57.86,55.12087
2019-02-05 07:00:00,103.434006,70.63137
2019-02-05 08:00:00,136.005,148.0762
2019-02-05 09:00:00,257.311,228.78137
2019-02-05 10:00:00,291.318,262.40393
2019-02-05 11:00:00,296.901,286.0503
2019-02-05 12:00:00,317.85498,285.4936
2019-02-05 13:00:00,303.508,303.84943
2019-02-05 14:00:00,313.692,300.8724
2019-02-05 15:00:00,321.47302,306.71173
2019-02-05 16:00:00,321.198,306.7166
2019-02-05 17:00:00,316.45798,307.54257
2019-02-05 18:00:00,200.565,245.3449
2019-02-05 19:00:00,149.166,117.143715
2019-02-05 20:00:00,121.269,109.79855
2019-02-05 21:00:00,87.04099,80.55195
2019-02-05 22:00:00,63.136997,57.8111
2019-02-05 23:00:00,60.234997,51.598682
2019-02-06 00:00:00,52.521,49.654076
2019-02-06 01:00:00,51.452,45.595196
2019-02-06 02:00:00,51.475002,45.403603
2019-02-06 03:00:00,50.884003,46.24095
2019-02-06 04:00:00,51.003002,45.556953
2019-02-06 05:00:00,51.667,44.94198
2019-02-06 06:00:00,50.99,50.481617
2019-02-06 07:00:00,55.984,60.6567
2019-02-06 08:00:00,56.922997,68.21204
2019-02-06 09:00:00,59.196,59.424362
2019-02-06 10:00:00,59.105,50.86501
2019-02-06 11:00:00,58.477,51.082577
2019-02-06 12:00:00,58.621002,52.079926
2019-02-06 13:00:00,59.027,54.032345
2019-02-06 14:00:00,58.929,52.811058
2019-02-06 15:00:00,59.11,53.06062
2019-02-06 16:00:00,60.572002,57.078754
2019-02-06 17:00:00,60.309998,67.470375
2019-02-06 18:00:00,60.939,59.2525
2019-02-06 19:00:00,61.049,59.145424
2019-02-06 20:00:00,60.22,59.42165
2019-02-06 21:00:00,56.259,57.588432
2019-02-06 22:00:00,54.343,53.146038
2019-02-06 23:00:00,54.504,51.786777
2019-02-07 00:00:00,49.717,51.54345
2019-02-07 01:00:00,49.91,47.27132
2019-02-07 02:00:00,47.8,47.432888
2019-02-07 03:00:00,46.355,45.58294
2019-02-07 04:00:00,45.98,44.70092
2019-02-07 05:00:00,57.875,44.424927
2019-02-07 06:00:00,59.338,61.03062
2019-02-07 07:00:00,87.959,69.06596
2019-02-07 08:00:00,257.546,167.56123
2019-02-07 09:00:00,268.49,252.1523
2019-02-07 10:00:00,278.987,269.43698
2019-02-07 11:00:00,274.187,275.98273
2019-02-07 12:00:00,281.904,271.52982
2019-02-07 13:00:00,276.891,279.6385
2019-02-07 14:00:00,279.80402,278.83514
2019-02-07 15:00:00,289.081,274.87506
2019-02-07 16:00:00,290.019,281.2633
2019-02-07 17:00:00,280.586,277.06207
2019-02-07 18:00:00,276.13,243.94705
2019-02-07 19:00:00,250.31902,122.181656
2019-02-07 20:00:00,115.242004,150.73096
2019-02-07 21:00:00,73.875,74.204315
2019-02-07 22:00:00,62.284,54.712494
2019-02-07 23:00:00,53.571003,48.82808
2019-02-08 00:00:00,41.278,45.787155
2019-02-08 01:00:00,39.854,42.204746
2019-02-08 02:00:00,39.279,43.309204
2019-02-08 03:00:00,39.485,39.538754
2019-02-08 04:00:00,39.109,41.409103
2019-02-08 05:00:00,40.021,45.42782
2019-02-08 06:00:00,41.833,48.282856
2019-02-08 07:00:00,59.703,54.858955
2019-02-08 08:00:00,195.992,124.53244
2019-02-08 09:00:00,197.86801,232.94469
2019-02-08 10:00:00,190.065,233.83643
2019-02-08 11:00:00,217.10501,220.51416
2019-02-08 12:00:00,203.013,229.60378
2019-02-08 13:00:00,230.26399,213.27705
2019-02-08 14:00:00,235.559,230.13506
2019-02-08 15:00:00,212.109,239.97974
2019-02-08 16:00:00,229.56201,216.28009
2019-02-08 17:00:00,224.207,225.72545
2019-02-08 18:00:00,220.90302,229.28407
2019-02-08 19:00:00,195.64,105.69284
2019-02-08 20:00:00,86.948006,125.51851
2019-02-08 21:00:00,52.16,60.043644
2019-02-08 22:00:00,43.548,46.376648
2019-02-08 23:00:00,40.505,41.658646
2019-02-09 00:00:00,45.331,42.418633
2019-02-09 01:00:00,44.556,43.09877
2019-02-09 02:00:00,44.558,43.038315
2019-02-09 03:00:00,44.231003,40.962013
2019-02-09 04:00:00,43.157,42.74274
2019-02-09 05:00:00,55.313,45.33888
2019-02-09 06:00:00,52.038002,51.80458
2019-02-09 07:00:00,195.52,63.660572
2019-02-09 08:00:00,220.004,207.24568
2019-02-09 09:00:00,239.588,241.1801
2019-02-09 10:00:00,253.15001,253.55315
2019-02-09 11:00:00,259.148,255.02477
2019-02-09 12:00:00,263.27,258.08072
2019-02-09 13:00:00,262.199,262.07477
2019-02-09 14:00:00,268.833,259.1383
2019-02-09 15:00:00,267.68,259.58563
2019-02-09 16:00:00,269.641,243.6334
2019-02-09 17:00:00,260.316,252.53415
2019-02-09 18:00:00,256.944,110.8866
2019-02-09 19:00:00,251.053,128.73639
2019-02-09 20:00:00,125.769,138.05952
2019-02-09 21:00:00,78.174995,77.89317
2019-02-09 22:00:00,58.935,55.33299
2019-02-09 23:00:00,52.748,48.699787
2019-02-10 00:00:00,52.996,46.063778
2019-02-10 01:00:00,49.386,45.08561
2019-02-10 02:00:00,48.016,45.053886
2019-02-10 03:00:00,47.784,42.714287
2019-02-10 04:00:00,47.806,44.740307
2019-02-10 05:00:00,48.619,48.50889
2019-02-10 06:00:00,61.786,58.40895
2019-02-10 07:00:00,93.178,92.719666
2019-02-10 08:00:00,235.037,234.45854
2019-02-10 09:00:00,255.71701,252.52318
2019-02-10 10:00:00,265.58,270.51947
2019-02-10 11:00:00,275.411,275.539
2019-02-10 12:00:00,272.501,276.94437
2019-02-10 13:00:00,281.435,278.90598
2019-02-10 14:00:00,293.48898,279.04166
2019-02-10 15:00:00,294.287,285.86356
2019-02-10 16:00:00,296.785,279.96976
2019-02-10 17:00:00,285.93,270.3796
2019-02-10 18:00:00,261.109,259.34622
2019-02-10 19:00:00,238.373,114.32204
2019-02-10 20:00:00,128.86699,146.94768
2019-02-10 21:00:00,74.27,82.109314
2019-02-10 22:00:00,55.593998,55.37434
2019-02-10 23:00:00,49.863003,47.377407
2019-02-11 00:00:00,46.544,45.28263
2019-02-11 01:00:00,44.751003,43.84561
2019-02-11 02:00:00,44.816,44.281853
2019-02-11 03:00:00,42.818,42.28877
2019-02-11 04:00:00,43.754,42.535625
2019-02-11 05:00:00,44.154,45.84913
2019-02-11 06:00:00,44.899002,49.87104
2019-02-11 07:00:00,44.471,57.777386
2019-02-11 08:00:00,45.455,57.73538
2019-02-11 09:00:00,46.314003,54.274532
2019-02-11 10:00:00,46.003,45.58726
2019-02-11 11:00:00,46.983997,42.99239
2019-02-11 12:00:00,47.432003,43.848763
2019-02-11 13:00:00,47.696003,46.5104
2019-02-11 14:00:00,48.862,49.1087
2019-02-11 15:00:00,51.267002,49.426388
2019-02-11 16:00:00,50.699,50.582848
2019-02-11 17:00:00,50.21,49.93963
2019-02-11 18:00:00,50.070004,50.220097
2019-02-11 19:00:00,48.634003,51.35747
2019-02-11 20:00:00,49.503,48.640945
2019-02-11 21:00:00,49.571,48.824783
2019-02-11 22:00:00,47.175,48.378475
2019-02-11 23:00:00,44.829002,45.66582
2019-02-12 00:00:00,45.822,42.780838
2019-02-12 01:00:00,46.43,44.01226
2019-02-12 02:00:00,46.242,44.660095
2019-02-12 03:00:00,44.064003,44.88738
2019-02-12 04:00:00,43.242,43.12852
2019-02-12 05:00:00,43.843002,42.243145
2019-02-12 06:00:00,56.612,42.855804
2019-02-12 07:00:00,98.858,89.70363
2019-02-12 08:00:00,138.943,165.9149
2019-02-12 09:00:00,157.553,179.4288
2019-02-12 10:00:00,275.376,192.8065
2019-02-12 11:00:00,253.455,265.7738
2019-02-12 12:00:00,245.50601,257.7397
2019-02-12 13:00:00,255.251,251.07184
2019-02-12 14:00:00,256.485,254.47705
2019-02-12 15:00:00,262.257,252.86603
2019-02-12 16:00:00,252.348,259.61536
2019-02-12 17:00:00,202.423,237.00429
2019-02-12 18:00:00,183.705,155.80106
2019-02-12 19:00:00,143.996,124.98862
2019-02-12 20:00:00,109.597,105.78087
2019-02-12 21:00:00,76.941,75.46377
2019-02-12 22:00:00,65.322,55.45826
2019-02-12 23:00:00,61.852,50.250034
2019-02-13 00:00:00,51.521,48.324818
2019-02-13 01:00:00,49.257,45.594017
2019-02-13 02:00:00,49.277,44.21499
2019-02-13 03:00:00,49.541,43.961597
2019-02-13 04:00:00,48.029,43.98152
2019-02-13 05:00:00,63.219997,44.031986
2019-02-13 06:00:00,56.205997,62.303658
2019-02-13 07:00:00,99.522,83.21643
2019-02-13 08:00:00,130.494,129.75421
2019-02-13 09:00:00,150.588,145.32793
2019-02-13 10:00:00,207.895,239.95316
2019-02-13 11:00:00,256.36798,212.53029
2019-02-13 12:00:00,246.604,247.9176
2019-02-13 13:00:00,247.164,247.5794
2019-02-13 14:00:00,251.292,247.06802
2019-02-13 15:00:00,253.86101,247.69095
2019-02-13 16:00:00,249.674,239.61263
2019-02-13 17:00:00,188.347,225.25754
2019-02-13 18:00:00,176.62,140.69469
2019-02-13 19:00:00,141.523,135.2833
2019-02-13 20:00:00,108.422,109.984184
2019-02-13 21:00:00,81.813995,79.23186
2019-02-13 22:00:00,67.487,57.79363
2019-02-13 23:00:00,58.806,52.58886
2019-02-14 00:00:00,55.805,47.61659
2019-02-14 01:00:00,53.221,47.225094
2019-02-14 02:00:00,53.154,45.982986
2019-02-14 03:00:00,53.990997,45.58026
2019-02-14 04:00:00,52.204,46.01459
2019-02-14 05:00:00,59.538998,46.038986
2019-02-14 06:00:00,63.144,59.226765
2019-02-14 07:00:00,102.842995,84.95525
2019-02-14 08:00:00,136.818,138.30779
2019-02-14 09:00:00,150.66301,150.72679
2019-02-14 10:00:00,209.413,242.19398
2019-02-14 11:00:00,265.658,213.8327
2019-02-14 12:00:00,244.431,252.61714
2019-02-14 13:00:00,244.94499,244.75917
2019-02-14 14:00:00,252.009,243.81528
2019-02-14 15:00:00,250.0,244.8396
2019-02-14 16:00:00,244.767,237.29764
2019-02-14 17:00:00,178.485,206.51242
2019-02-14 18:00:00,165.92201,138.60573
2019-02-14 19:00:00,134.149,131.24965
2019-02-14 20:00:00,101.87299,104.47551
2019-02-14 21:00:00,72.72,72.48727
2019-02-14 22:00:00,58.754,54.79616
2019-02-14 23:00:00,53.100998,50.475273
2019-02-15 00:00:00,52.248,46.111313
2019-02-15 01:00:00,50.887,46.329525
2019-02-15 02:00:00,50.413002,45.38944
2019-02-15 03:00:00,50.443,44.95603
2019-02-15 04:00:00,49.612003,45.108807
2019-02-15 05:00:00,58.191998,45.282738
2019-02-15 06:00:00,57.442997,59.263847
2019-02-15 07:00:00,99.496,75.53954
2019-02-15 08:00:00,133.193,137.9986
2019-02-15 09:00:00,147.86499,145.42114
2019-02-15 10:00:00,206.77,233.32474
2019-02-15 11:00:00,257.67,210.0766
2019-02-15 12:00:00,249.09,247.11461
2019-02-15 13:00:00,239.868,245.52484
2019-02-15 14:00:00,240.755,241.76976
2019-02-15 15:00:00,251.438,238.13565
2019-02-15 16:00:00,224.37999,236.27779
2019-02-15 17:00:00,183.005,187.7584
2019-02-15 18:00:00,165.22198,139.85811
2019-02-15 19:00:00,127.981,129.48846
2019-02-15 20:00:00,92.892006,100.592316
2019-02-15 21:00:00,68.917,65.05016
2019-02-15 22:00:00,56.669,53.0193
2019-02-15 23:00:00,51.289,49.339535
2019-02-16 00:00:00,50.775997,45.74269
2019-02-16 01:00:00,50.11,45.444942
2019-02-16 02:00:00,47.838997,45.016525
2019-02-16 03:00:00,47.799,43.86617
2019-02-16 04:00:00,47.477997,44.106995
2019-02-16 05:00:00,47.048,45.017094
2019-02-16 06:00:00,48.207996,46.590836
2019-02-16 07:00:00,49.201,58.243954
2019-02-16 08:00:00,50.352997,57.557285
2019-02-16 09:00:00,51.386,48.7582
2019-02-16 10:00:00,52.405,48.802055
2019-02-16 11:00:00,51.781,48.765297
2019-02-16 12:00:00,51.915,48.92402
2019-02-16 13:00:00,53.736,49.91365
2019-02-16 14:00:00,53.297,50.29556
2019-02-16 15:00:00,53.843002,50.068604
2019-02-16 16:00:00,53.16,51.144302
2019-02-16 17:00:00,53.875004,50.296352
2019-02-16 18:00:00,56.676003,53.18476
2019-02-16 19:00:00,55.488,54.955196
2019-02-16 20:00:00,54.874,53.75684
2019-02-16 21:00:00,52.3,53.329964
2019-02-16 22:00:00,51.888,50.76419
2019-02-16 23:00:00,51.267002,50.179222
2019-02-17 00:00:00,49.28,49.575287
2019-02-17 01:00:00,48.974003,48.025734
2019-02-17 02:00:00,48.896,47.58181
2019-02-17 03:00:00,47.452,47.321064
2019-02-17 04:00:00,47.521004,46.18875
2019-02-17 05:00:00,47.595997,46.431274
2019-02-17 06:00:00,48.328,46.999596
2019-02-17 07:00:00,47.903,47.596184
2019-02-17 08:00:00,47.987003,47.410683
2019-02-17 09:00:00,48.441998,47.81427
2019-02-17 10:00:00,49.260998,48.2864
2019-02-17 11:00:00,50.073,48.700203
2019-02-17 12:00:00,49.969,49.545307
2019-02-17 13:00:00,50.968002,49.400288
2019-02-17 14:00:00,49.905,50.42024
2019-02-17 15:00:00,49.334,49.211346
2019-02-17 16:00:00,53.028,48.561127
2019-02-17 17:00:00,54.67,51.80535
2019-02-17 18:00:00,55.125,54.194298
2019-02-17 19:00:00,55.187,54.713947
2019-02-17 20:00:00,54.447998,54.659225
2019-02-17 21:00:00,50.941,53.018402
2019-02-17 22:00:00,50.967,49.165234
2019-02-17 23:00:00,50.495,49.462006
2019-02-18 00:00:00,49.823,49.124626
2019-02-18 01:00:00,48.286,48.515587
2019-02-18 02:00:00,47.956,47.046234
2019-02-18 03:00:00,46.546,46.788795
2019-02-18 04:00:00,47.158,45.278145
2019-02-18 05:00:00,55.453,46.056652
2019-02-18 06:00:00,59.025,66.19613
2019-02-18 07:00:00,102.602,86.20285
2019-02-18 08:00:00,136.057,173.6535
2019-02-18 09:00:00,167.041,185.6478
2019-02-18 10:00:00,230.961,192.53375
2019-02-18 11:00:00,289.41,218.87048
2019-02-18 12:00:00,270.677,275.64337
2019-02-18 13:00:00,255.323,273.75705
2019-02-18 14:00:00,276.848,257.61652
2019-02-18 15:00:00,255.945,268.5015
2019-02-18 16:00:00,264.761,247.00397
2019-02-18 17:00:00,207.902,245.33987
2019-02-18 18:00:00,183.793,149.327
2019-02-18 19:00:00,143.435,140.71478
2019-02-18 20:00:00,98.76301,106.906944
2019-02-18 21:00:00,75.01,67.92146
2019-02-18 22:00:00,58.823,55.00511
2019-02-18 23:00:00,57.121,50.47317
2019-02-19 00:00:00,55.349,46.98336
2019-02-19 01:00:00,52.818996,46.701096
2019-02-19 02:00:00,51.289,45.4649
2019-02-19 03:00:00,50.951,44.59999
2019-02-19 04:00:00,51.02,45.297073
2019-02-19 05:00:00,59.134,45.367912
2019-02-19 06:00:00,61.66,56.637836
2019-02-19 07:00:00,105.476006,82.197586
2019-02-19 08:00:00,135.506,143.4988
2019-02-19 09:00:00,162.806,155.4504
2019-02-19 10:00:00,216.252,217.67981
2019-02-19 11:00:00,264.199,220.08058
2019-02-19 12:00:00,252.98898,253.9097
2019-02-19 13:00:00,229.234,251.2331
2019-02-19 14:00:00,254.511,239.22812
2019-02-19 15:00:00,254.548,245.61404
2019-02-19 16:00:00,231.21599,241.12213
2019-02-19 17:00:00,194.897,207.90948
2019-02-19 18:00:00,178.212,137.9467
2019-02-19 19:00:00,141.011,132.9327
2019-02-19 20:00:00,100.148,108.380226
2019-02-19 21:00:00,71.179,70.592766
2019-02-19 22:00:00,58.476,53.961338
2019-02-19 23:00:00,55.239002,49.732582
2019-02-20 00:00:00,52.579002,46.38435
2019-02-20 01:00:00,50.788998,46.230747
2019-02-20 02:00:00,51.193996,45.45991
2019-02-20 03:00:00,50.735,44.509514
2019-02-20 04:00:00,50.233997,44.95035
2019-02-20 05:00:00,66.693,46.073864
2019-02-20 06:00:00,61.887,69.97198
2019-02-20 07:00:00,100.279,89.655235
2019-02-20 08:00:00,137.651,142.09595
2019-02-20 09:00:00,161.626,158.81128
2019-02-20 10:00:00,220.019,222.4858
2019-02-20 11:00:00,268.74802,221.6818
2019-02-20 12:00:00,258.375,255.73824
2019-02-20 13:00:00,240.293,252.2262
2019-02-20 14:00:00,265.59,243.81334
2019-02-20 15:00:00,271.467,253.69505
2019-02-20 16:00:00,265.799,248.60046
2019-02-20 17:00:00,201.88,231.12117
2019-02-20 18:00:00,180.68701,137.35222
2019-02-20 19:00:00,139.80301,134.66595
2019-02-20 20:00:00,100.731995,108.07459
2019-02-20 21:00:00,76.428,70.259834
2019-02-20 22:00:00,63.862003,55.341156
2019-02-20 23:00:00,58.637,51.66662
2019-02-21 00:00:00,56.345997,47.312954
2019-02-21 01:00:00,53.232998,47.509113
2019-02-21 02:00:00,49.818,46.609764
2019-02-21 03:00:00,49.754997,44.89071
2019-02-21 04:00:00,49.249,44.856903
2019-02-21 05:00:00,62.185997,45.48417
2019-02-21 06:00:00,57.771,61.66546
2019-02-21 07:00:00,102.521,78.36582
2019-02-21 08:00:00,138.438,146.36543
2019-02-21 09:00:00,163.7,152.85924
2019-02-21 10:00:00,223.62001,226.09377
2019-02-21 11:00:00,270.844,221.20134
2019-02-21 12:00:00,260.23502,259.16553
2019-02-21 13:00:00,254.75401,256.0641
2019-02-21 14:00:00,252.95401,255.4234
2019-02-21 15:00:00,268.42902,252.41231
2019-02-21 16:00:00,257.083,251.18343
2019-02-21 17:00:00,196.425,230.27469
2019-02-21 18:00:00,181.159,139.38718
2019-02-21 19:00:00,140.89,136.06908
2019-02-21 20:00:00,100.13699,109.06936
2019-02-21 21:00:00,76.994995,69.8448
2019-02-21 22:00:00,63.691998,55.55352
2019-02-21 23:00:00,54.609,51.70528
2019-02-22 00:00:00,52.828,46.648052
2019-02-22 01:00:00,51.647003,46.233444
2019-02-22 02:00:00,51.131996,45.630318
2019-02-22 03:00:00,52.045,45.04652
2019-02-22 04:00:00,51.725002,45.16497
2019-02-22 05:00:00,63.12,46.02113
2019-02-22 06:00:00,58.56,63.257545
2019-02-22 07:00:00,99.71999,77.95418
2019-02-22 08:00:00,141.737,143.6053
2019-02-22 09:00:00,163.943,154.92546
2019-02-22 10:00:00,223.384,224.09004
2019-02-22 11:00:00,277.431,222.69043
2019-02-22 12:00:00,259.651,263.58612
2019-02-22 13:00:00,256.231,257.80292
2019-02-22 14:00:00,252.16301,254.04913
2019-02-22 15:00:00,266.604,250.61215
2019-02-22 16:00:00,260.312,248.31311
2019-02-22 17:00:00,198.012,229.617
2019-02-22 18:00:00,179.661,138.18292
2019-02-22 19:00:00,135.919,136.11685
2019-02-22 20:00:00,96.826004,105.137245
2019-02-22 21:00:00,72.721,66.60167
2019-02-22 22:00:00,60.913998,54.447273
2019-02-22 23:00:00,55.962,50.95411
2019-02-23 00:00:00,54.755,46.759754
2019-02-23 01:00:00,53.829,46.68167
2019-02-23 02:00:00,51.244,46.09473
2019-02-23 03:00:00,51.425,45.353806
2019-02-23 04:00:00,49.890003,45.2182
2019-02-23 05:00:00,49.412,45.477657
2019-02-23 06:00:00,49.009003,48.52644
2019-02-23 07:00:00,50.462,59.76655
2019-02-23 08:00:00,51.422,59.443813
2019-02-23 09:00:00,52.760002,49.1897
2019-02-23 10:00:00,53.626,49.11247
2019-02-23 11:00:00,53.331,49.517937
2019-02-23 12:00:00,53.086002,49.591625
2019-02-23 13:00:00,56.129,50.557243
2019-02-23 14:00:00,58.379,51.607338
2019-02-23 15:00:00,59.93,52.32262
2019-02-23 16:00:00,62.121,57.619038
2019-02-23 17:00:00,61.942,58.21928
2019-02-23 18:00:00,65.521,59.62966
2019-02-23 19:00:00,65.589,61.283764
2019-02-23 20:00:00,60.885002,61.35014
2019-02-23 21:00:00,56.49,57.326912
2019-02-23 22:00:00,56.496998,53.38475
2019-02-23 23:00:00,55.71,52.770027
2019-02-24 00:00:00,54.967003,52.196445
2019-02-24 01:00:00,51.616997,51.896667
2019-02-24 02:00:00,49.655,49.482452
2019-02-24 03:00:00,49.249,47.1091
2019-02-24 04:00:00,49.731003,46.627094
2019-02-24 05:00:00,49.458,47.86682
2019-02-24 06:00:00,47.818,48.481205
2019-02-24 07:00:00,49.139,46.967434
2019-02-24 08:00:00,48.598,47.924763
2019-02-24 09:00:00,49.665,47.36675
2019-02-24 10:00:00,50.625,48.85696
2019-02-24 11:00:00,52.473,49.813263
2019-02-24 12:00:00,52.901,52.082134
2019-02-24 13:00:00,54.551,52.169346
2019-02-24 14:00:00,55.662003,53.865456
2019-02-24 15:00:00,56.760998,54.57683
2019-02-24 16:00:00,57.387,54.73191
2019-02-24 17:00:00,56.882,54.700066
2019-02-24 18:00:00,61.505,53.99095
2019-02-24 19:00:00,62.885998,60.215298
2019-02-24 20:00:00,58.444,62.2884
2019-02-24 21:00:00,55.385002,55.480213
2019-02-24 22:00:00,53.744,52.233078
2019-02-24 23:00:00,53.885,50.993114
2019-02-25 00:00:00,53.403,51.237442
2019-02-25 01:00:00,49.773,51.2399
2019-02-25 02:00:00,49.639004,48.426636
2019-02-25 03:00:00,49.972,47.575184
2019-02-25 04:00:00,48.806,47.7142
2019-02-25 05:00:00,56.439,47.224422
2019-02-25 06:00:00,60.037,60.968098
2019-02-25 07:00:00,100.32,85.33672
2019-02-25 08:00:00,134.895,174.19594
2019-02-25 09:00:00,155.579,186.38518
2019-02-25 10:00:00,219.285,199.46036
2019-02-25 11:00:00,285.74402,204.14998
2019-02-25 12:00:00,246.625,269.37814
2019-02-25 13:00:00,243.563,251.37532
2019-02-25 14:00:00,257.093,241.11465
2019-02-25 15:00:00,269.292,248.5775
2019-02-25 16:00:00,270.52402,250.40877
2019-02-25 17:00:00,197.822,245.53738
2019-02-25 18:00:00,183.54301,141.97264
2019-02-25 19:00:00,141.618,139.70479
2019-02-25 20:00:00,103.074005,105.45604
2019-02-25 21:00:00,81.337,69.87968
2019-02-25 22:00:00,61.858997,57.610996
2019-02-25 23:00:00,57.521004,51.312794
2019-02-26 00:00:00,55.116,46.699738
2019-02-26 01:00:00,52.249,47.045284
2019-02-26 02:00:00,51.902,45.981808
2019-02-26 03:00:00,51.98,45.25596
2019-02-26 04:00:00,50.913,45.138367
2019-02-26 05:00:00,62.526,45.27959
2019-02-26 06:00:00,59.81,61.102505
2019-02-26 07:00:00,100.917,86.36576
2019-02-26 08:00:00,139.865,141.8855
2019-02-26 09:00:00,161.12799,152.51378
2019-02-26 10:00:00,222.466,224.49223
2019-02-26 11:00:00,296.358,223.86797
2019-02-26 12:00:00,263.336,275.15607
2019-02-26 13:00:00,258.319,261.6714
2019-02-26 14:00:00,272.083,257.70502
2019-02-26 15:00:00,268.902,264.29236
2019-02-26 16:00:00,265.40298,254.80754
2019-02-26 17:00:00,210.478,237.69632
2019-02-26 18:00:00,188.932,140.78635
2019-02-26 19:00:00,145.324,141.52556
2019-02-26 20:00:00,100.548,109.91355
2019-02-26 21:00:00,75.909004,70.78982
2019-02-26 22:00:00,67.691,55.744785
2019-02-26 23:00:00,62.549,52.720848
2019-02-27 00:00:00,56.977,48.59625
2019-02-27 01:00:00,53.871998,47.856018
2019-02-27 02:00:00,52.645,46.272068
2019-02-27 03:00:00,52.45,45.34949
2019-02-27 04:00:00,51.440002,45.6455
2019-02-27 05:00:00,65.044,45.853153
2019-02-27 06:00:00,59.437004,62.24509
2019-02-27 07:00:00,98.314,77.8092
2019-02-27 08:00:00,139.748,150.43585
2019-02-27 09:00:00,163.064,153.04852
2019-02-27 10:00:00,230.916,209.26033
2019-02-27 11:00:00,300.19598,229.624
2019-02-27 12:00:00,272.452,277.71384
2019-02-27 13:00:00,268.624,268.6495
2019-02-27 14:00:00,278.11398,267.20392
2019-02-27 15:00:00,286.608,269.88
2019-02-27 16:00:00,273.85,267.23758
2019-02-27 17:00:00,213.158,247.47096
2019-02-27 18:00:00,187.205,143.16296
2019-02-27 19:00:00,148.506,141.24896
2019-02-27 20:00:00,102.627,111.897026
2019-02-27 21:00:00,77.224,72.18119
2019-02-27 22:00:00,61.826,56.673298
2019-02-27 23:00:00,55.774998,51.680843
2019-02-28 00:00:00,52.403,47.21628
2019-02-28 01:00:00,48.762,46.672367
2019-02-28 02:00:00,47.853,45.41553
2019-02-28 03:00:00,47.816998,44.103294
2019-02-28 04:00:00,47.236,44.319355
2019-02-28 05:00:00,58.026,44.597008
2019-02-28 06:00:00,55.099003,53.55947
2019-02-28 07:00:00,95.94499,69.62332
2019-02-28 08:00:00,133.536,135.14334
2019-02-28 09:00:00,158.297,149.57237
2019-02-28 10:00:00,222.631,203.5413
2019-02-28 11:00:00,293.884,222.89896
2019-02-28 12:00:00,260.361,276.43344
2019-02-28 13:00:00,261.696,262.82
2019-02-28 14:00:00,272.374,263.3243
2019-02-28 15:00:00,275.162,269.14426
2019-02-28 16:00:00,265.994,262.17746
2019-02-28 17:00:00,203.815,244.34366
2019-02-28 18:00:00,183.653,139.5811
2019-02-28 19:00:00,144.61299,139.13374
2019-02-28 20:00:00,99.13799,109.319756
2019-02-28 21:00:00,69.362,68.9513
2019-02-28 22:00:00,60.255,54.1583
2019-02-28 23:00:00,54.606003,50.748615
2019-03-01 00:00:00,47.560997,46.470455
2019-03-01 01:00:00,46.37,45.39327
2019-03-01 02:00:00,46.048,44.282265
2019-03-01 03:00:00,46.534,43.343395
2019-03-01 04:00:00,46.234,43.626667
2019-03-01 05:00:00,47.152,43.948402
2019-03-01 06:00:00,61.202,46.71078
2019-03-01 07:00:00,102.307,79.30442
2019-03-01 08:00:00,137.368,139.96147
2019-03-01 09:00:00,155.998,153.8053
2019-03-01 10:00:00,216.133,202.61778
2019-03-01 11:00:00,257.595,218.36194
2019-03-01 12:00:00,227.384,252.32253
2019-03-01 13:00:00,231.99,237.40552
2019-03-01 14:00:00,251.406,236.90295
2019-03-01 15:00:00,235.79701,246.80768
2019-03-01 16:00:00,231.74399,232.19801
2019-03-01 17:00:00,193.12698,204.45798
2019-03-01 18:00:00,173.42001,134.16537
2019-03-01 19:00:00,136.912,130.26219
2019-03-01 20:00:00,102.117004,104.43252
2019-03-01 21:00:00,67.679,69.746445
2019-03-01 22:00:00,59.971,52.93963
2019-03-01 23:00:00,54.704,49.229607
2019-03-02 00:00:00,48.025,46.063553
2019-03-02 01:00:00,46.764,45.06782
2019-03-02 02:00:00,46.982002,43.594917
2019-03-02 03:00:00,47.568,43.329693
2019-03-02 04:00:00,46.347,44.001125
2019-03-02 05:00:00,44.988003,44.35961
2019-03-02 06:00:00,45.690998,46.90896
2019-03-02 07:00:00,47.019,57.166718
2019-03-02 08:00:00,46.121,55.757618
2019-03-02 09:00:00,47.648003,46.53341
2019-03-02 10:00:00,47.873,46.78406
2019-03-02 11:00:00,48.356,46.58364
2019-03-02 12:00:00,48.861,46.89208
2019-03-02 13:00:00,48.036003,48.042328
2019-03-02 14:00:00,49.007,48.276196
2019-03-02 15:00:00,54.16,48.181435
2019-03-02 16:00:00,54.918003,50.962334
2019-03-02 17:00:00,54.825,51.40352
2019-03-02 18:00:00,58.57,53.53688
2019-03-02 19:00:00,58.966,55.776184
2019-03-02 20:00:00,58.18,55.893444
2019-03-02 21:00:00,54.315002,55.04329
2019-03-02 22:00:00,51.057003,51.522392
2019-03-02 23:00:00,48.313004,49.166042
2019-03-03 00:00:00,51.02,45.466167
2019-03-03 01:00:00,48.157,49.0455
2019-03-03 02:00:00,46.37,46.585983
2019-03-03 03:00:00,46.498,45.028637
2019-03-03 04:00:00,46.438,44.779613
2019-03-03 05:00:00,46.423,44.725094
2019-03-03 06:00:00,46.393997,45.276535
2019-03-03 07:00:00,46.779,45.81808
2019-03-03 08:00:00,47.098003,46.437057
2019-03-03 09:00:00,48.767002,46.39
2019-03-03 10:00:00,48.282997,49.610535
2019-03-03 11:00:00,49.579,48.035748
2019-03-03 12:00:00,49.63,49.154366
2019-03-03 13:00:00,48.212,48.417324
2019-03-03 14:00:00,50.141003,47.23102
2019-03-03 15:00:00,51.955,49.449825
2019-03-03 16:00:00,52.68,51.42605
2019-03-03 17:00:00,52.620003,51.6095
2019-03-03 18:00:00,54.974,51.160957
2019-03-03 19:00:00,51.262,53.26695
2019-03-03 20:00:00,49.398,49.9127
2019-03-03 21:00:00,47.872,48.149998
2019-03-03 22:00:00,49.702,46.280487
2019-03-03 23:00:00,50.220997,48.345234
2019-03-04 00:00:00,50.135002,49.07493
2019-03-04 01:00:00,49.598,49.48481
2019-03-04 02:00:00,47.866,48.534534
2019-03-04 03:00:00,46.981,46.13473
2019-03-04 04:00:00,48.451,45.51044
2019-03-04 05:00:00,60.647003,47.26053
2019-03-04 06:00:00,55.878998,104.89391
2019-03-04 07:00:00,100.925995,67.54506
2019-03-04 08:00:00,141.423,174.98752
2019-03-04 09:00:00,266.061,178.41241
2019-03-04 10:00:00,277.418,265.52545
2019-03-04 11:00:00,279.899,272.68338
2019-03-04 12:00:00,275.301,279.38403
2019-03-04 13:00:00,289.176,276.74078
2019-03-04 14:00:00,288.467,284.19943
2019-03-04 15:00:00,289.323,286.3807
2019-03-04 16:00:00,284.66,271.65305
2019-03-04 17:00:00,289.824,280.50912
2019-03-04 18:00:00,210.015,218.28862
2019-03-04 19:00:00,149.374,129.4259
2019-03-04 20:00:00,109.861,106.94677
2019-03-04 21:00:00,73.312996,73.28543
2019-03-04 22:00:00,57.342,53.510136
2019-03-04 23:00:00,54.197998,48.275448
2019-03-05 00:00:00,59.904,47.235966
2019-03-05 01:00:00,55.819,47.346172
2019-03-05 02:00:00,54.477,45.46606
2019-03-05 03:00:00,53.348,45.778847
2019-03-05 04:00:00,52.675,46.032795
2019-03-05 05:00:00,60.602,45.71619
2019-03-05 06:00:00,59.08,60.778423
2019-03-05 07:00:00,105.909,70.33747
2019-03-05 08:00:00,141.072,145.63216
2019-03-05 09:00:00,281.246,230.96977
2019-03-05 10:00:00,310.741,274.7513
2019-03-05 11:00:00,322.15,297.30862
2019-03-05 12:00:00,324.105,304.20526
2019-03-05 13:00:00,322.419,311.72452
2019-03-05 14:00:00,321.142,313.31735
2019-03-05 15:00:00,324.55502,313.63846
2019-03-05 16:00:00,323.389,308.25998
2019-03-05 17:00:00,315.94,305.3149
2019-03-05 18:00:00,203.871,228.7704
2019-03-05 19:00:00,139.331,118.62236
2019-03-05 20:00:00,105.507,99.82007
2019-03-05 21:00:00,71.293,71.59956
2019-03-05 22:00:00,55.725,55.063217
2019-03-05 23:00:00,53.408,49.37531
2019-03-06 00:00:00,54.516,47.801136
2019-03-06 01:00:00,53.093,45.781384
2019-03-06 02:00:00,51.267002,44.986336
2019-03-06 03:00:00,51.217,45.814312
2019-03-06 04:00:00,56.126,45.452606
2019-03-06 05:00:00,62.121,45.643883
2019-03-06 06:00:00,58.664,60.401478
2019-03-06 07:00:00,91.39101,69.79427
2019-03-06 08:00:00,128.90201,129.85136
2019-03-06 09:00:00,265.91702,222.7348
2019-03-06 10:00:00,305.747,268.2996
2019-03-06 11:00:00,308.3,295.9573
2019-03-06 12:00:00,304.569,295.00922
2019-03-06 13:00:00,299.801,299.80417
2019-03-06 14:00:00,304.995,299.83334
2019-03-06 15:00:00,308.115,303.40985
2019-03-06 16:00:00,301.298,299.03186
2019-03-06 17:00:00,301.42398,293.85455
2019-03-06 18:00:00,191.767,231.29443
2019-03-06 19:00:00,147.188,112.23434
2019-03-06 20:00:00,114.37399,104.232605
2019-03-06 21:00:00,80.639,77.01634
2019-03-06 22:00:00,63.779,56.805702
2019-03-06 23:00:00,60.217,51.1431
2019-03-07 00:00:00,53.979,49.28135
2019-03-07 01:00:00,52.507,45.65582
2019-03-07 02:00:00,50.964996,45.366955
2019-03-07 03:00:00,49.996,45.529327
2019-03-07 04:00:00,50.402,44.744804
2019-03-07 05:00:00,57.805,44.733727
2019-03-07 06:00:00,55.41,53.735294
2019-03-07 07:00:00,80.52799,66.46526
2019-03-07 08:00:00,225.946,103.392685
2019-03-07 09:00:00,254.921,242.78188
2019-03-07 10:00:00,263.876,266.55197
2019-03-07 11:00:00,269.915,269.87073
2019-03-07 12:00:00,279.876,267.63788
2019-03-07 13:00:00,277.568,280.98685
2019-03-07 14:00:00,278.721,278.51028
2019-03-07 15:00:00,283.328,280.7964
2019-03-07 16:00:00,265.834,274.20908
2019-03-07 17:00:00,268.89,265.2625
2019-03-07 18:00:00,252.316,217.40912
2019-03-07 19:00:00,237.978,121.29716
2019-03-07 20:00:00,114.403,146.7793
2019-03-07 21:00:00,69.611,76.61098
2019-03-07 22:00:00,54.866997,53.500496
2019-03-07 23:00:00,48.639,46.524033
2019-03-08 00:00:00,39.344,45.221737
2019-03-08 01:00:00,38.607002,42.005024
2019-03-08 02:00:00,37.603,42.99478
2019-03-08 03:00:00,36.584,39.291634
2019-03-08 04:00:00,36.806,40.22293
2019-03-08 05:00:00,36.814,44.236946
2019-03-08 06:00:00,36.245,45.91399
2019-03-08 07:00:00,41.950996,49.86915
2019-03-08 08:00:00,47.598,49.879784
2019-03-08 09:00:00,48.727997,60.563103
2019-03-08 10:00:00,48.713,50.54703
2019-03-08 11:00:00,48.593,46.23598
2019-03-08 12:00:00,49.312,45.542873
2019-03-08 13:00:00,52.459,47.876423
2019-03-08 14:00:00,51.440002,50.56356
2019-03-08 15:00:00,52.439003,50.622047
2019-03-08 16:00:00,54.816,49.83341
2019-03-08 17:00:00,56.431,50.963997
2019-03-08 18:00:00,55.709,53.103127
2019-03-08 19:00:00,54.883003,51.316166
2019-03-08 20:00:00,53.219997,50.978107
2019-03-08 21:00:00,42.569,49.548065
2019-03-08 22:00:00,39.474,39.624527
2019-03-08 23:00:00,39.246,37.544144
2019-03-09 00:00:00,51.474,37.04883
2019-03-09 01:00:00,49.030003,57.214195
2019-03-09 02:00:00,49.292,49.899063
2019-03-09 03:00:00,48.835,51.45068
2019-03-09 04:00:00,47.664,49.06441
2019-03-09 05:00:00,59.169,46.39032
2019-03-09 06:00:00,56.240997,114.01361
2019-03-09 07:00:00,189.746,77.326584
2019-03-09 08:00:00,221.72299,193.67215
2019-03-09 09:00:00,242.493,232.77257
2019-03-09 10:00:00,255.104,247.08116
2019-03-09 11:00:00,236.84,251.98137
2019-03-09 12:00:00,266.046,238.51683
2019-03-09 13:00:00,266.68,258.4422
2019-03-09 14:00:00,273.84702,258.83463
2019-03-09 15:00:00,275.296,265.75958
2019-03-09 16:00:00,271.669,259.6312
2019-03-09 17:00:00,266.855,261.29965
2019-03-09 18:00:00,261.763,115.07657
2019-03-09 19:00:00,250.712,133.6248
2019-03-09 20:00:00,128.09401,141.56303
2019-03-09 21:00:00,80.217995,80.31715
2019-03-09 22:00:00,62.578,55.540665
2019-03-09 23:00:00,54.467,49.916553
2019-03-10 00:00:00,48.455997,47.465668
2019-03-10 01:00:00,47.657,44.542934
2019-03-10 02:00:00,47.555,44.786713
2019-03-10 03:00:00,46.336002,42.796535
2019-03-10 04:00:00,46.626,44.660122
2019-03-10 05:00:00,47.274002,48.733215
2019-03-10 06:00:00,56.552998,57.69658
2019-03-10 07:00:00,93.912,82.91125
2019-03-10 08:00:00,229.377,234.18811
2019-03-10 09:00:00,243.173,249.65305
2019-03-10 10:00:00,262.305,262.93127
2019-03-10 11:00:00,267.446,272.8423
2019-03-10 12:00:00,288.35202,272.95935
2019-03-10 13:00:00,283.935,288.26767
2019-03-10 14:00:00,296.087,282.02563
2019-03-10 15:00:00,295.318,289.50595
2019-03-10 16:00:00,290.306,282.826
2019-03-10 17:00:00,288.854,269.354
2019-03-10 18:00:00,277.625,263.00293
2019-03-10 19:00:00,245.30402,115.09238
2019-03-10 20:00:00,123.851,147.09787
2019-03-10 21:00:00,68.787,81.56139
2019-03-10 22:00:00,59.597,53.46372
2019-03-10 23:00:00,54.203,48.34256
2019-03-11 00:00:00,41.730003,46.496704
2019-03-11 01:00:00,42.472,43.139008
2019-03-11 02:00:00,41.641003,43.69791
2019-03-11 03:00:00,41.576004,41.037167
2019-03-11 04:00:00,41.112,41.92086
2019-03-11 05:00:00,41.329002,45.34524
2019-03-11 06:00:00,41.364002,48.20999
2019-03-11 07:00:00,41.501003,52.50315
2019-03-11 08:00:00,40.893,52.46532
2019-03-11 09:00:00,42.231003,50.722046
2019-03-11 10:00:00,42.259,42.994904
2019-03-11 11:00:00,42.668003,40.8961
2019-03-11 12:00:00,43.062,40.80598
2019-03-11 13:00:00,49.694,43.556133
2019-03-11 14:00:00,58.692997,49.771954
2019-03-11 15:00:00,60.969997,56.164845
2019-03-11 16:00:00,61.100002,56.646286
2019-03-11 17:00:00,61.114998,58.24498
2019-03-11 18:00:00,63.726997,61.195316
2019-03-11 19:00:00,55.176,57.014282
2019-03-11 20:00:00,53.885998,51.58968
2019-03-11 21:00:00,52.552,50.58023
2019-03-11 22:00:00,51.218,48.69831
2019-03-11 23:00:00,50.740997,47.61543
2019-03-12 00:00:00,52.764,47.372955
2019-03-12 01:00:00,48.678,49.961594
2019-03-12 02:00:00,47.617,45.89173
2019-03-12 03:00:00,48.008,44.1507
2019-03-12 04:00:00,47.169,45.0715
2019-03-12 05:00:00,46.216,44.76499
2019-03-12 06:00:00,56.722,44.53505
2019-03-12 07:00:00,99.781,95.969154
2019-03-12 08:00:00,137.134,168.73633
2019-03-12 09:00:00,154.819,183.6969
2019-03-12 10:00:00,264.706,200.0328
2019-03-12 11:00:00,261.3,253.6646
2019-03-12 12:00:00,242.673,261.17447
2019-03-12 13:00:00,259.078,245.99231
2019-03-12 14:00:00,251.376,253.1705
2019-03-12 15:00:00,269.62698,245.17827
2019-03-12 16:00:00,270.627,258.17572
2019-03-12 17:00:00,211.393,245.27312
2019-03-12 18:00:00,180.925,152.48465
2019-03-12 19:00:00,144.21,128.55626
2019-03-12 20:00:00,111.187996,106.34854
2019-03-12 21:00:00,70.340004,75.92875
2019-03-12 22:00:00,53.849,54.0426
2019-03-12 23:00:00,48.628,48.218807
2019-03-13 00:00:00,48.76,45.20611
2019-03-13 01:00:00,47.02,44.588516
2019-03-13 02:00:00,46.821,43.793427
2019-03-13 03:00:00,46.307,44.292835
2019-03-13 04:00:00,50.237,43.48976
2019-03-13 05:00:00,57.830997,44.288605
2019-03-13 06:00:00,54.098,57.372173
2019-03-13 07:00:00,93.696,84.02067
2019-03-13 08:00:00,137.41899,133.88873
2019-03-13 09:00:00,166.729,150.87941
2019-03-13 10:00:00,226.101,213.18382
2019-03-13 11:00:00,286.525,223.23184
2019-03-13 12:00:00,258.065,270.0147
2019-03-13 13:00:00,255.012,259.56497
2019-03-13 14:00:00,265.404,256.3012
2019-03-13 15:00:00,266.354,260.59824
2019-03-13 16:00:00,252.76701,255.03194
2019-03-13 17:00:00,197.636,232.13646
2019-03-13 18:00:00,177.97299,138.22342
2019-03-13 19:00:00,140.06401,133.0145
2019-03-13 20:00:00,98.777,105.967155
2019-03-13 21:00:00,64.921,68.204414
2019-03-13 22:00:00,53.082,52.66979
2019-03-13 23:00:00,49.649,48.33
2019-03-14 00:00:00,51.471,44.914803
2019-03-14 01:00:00,47.992,45.773544
2019-03-14 02:00:00,47.449,44.377148
2019-03-14 03:00:00,46.097,43.668518
2019-03-14 04:00:00,45.578003,43.628284
2019-03-14 05:00:00,54.481,43.98917
2019-03-14 06:00:00,59.711,52.24008
2019-03-14 07:00:00,95.321,78.03788
2019-03-14 08:00:00,131.74199,133.90538
2019-03-14 09:00:00,160.482,150.35233
2019-03-14 10:00:00,221.98001,194.91138
2019-03-14 11:00:00,288.61,219.06593
2019-03-14 12:00:00,261.928,271.0174
2019-03-14 13:00:00,261.58002,259.8619
2019-03-14 14:00:00,274.159,262.1602
2019-03-14 15:00:00,290.422,267.41748
2019-03-14 16:00:00,270.45102,270.86084
2019-03-14 17:00:00,199.082,245.25293
2019-03-14 18:00:00,175.404,136.18402
2019-03-14 19:00:00,146.752,135.25032
2019-03-14 20:00:00,105.872,109.75883
2019-03-14 21:00:00,68.687004,72.47142
2019-03-14 22:00:00,56.402,54.52239
2019-03-14 23:00:00,51.467,49.60035
2019-03-15 00:00:00,51.295,45.626442
2019-03-15 01:00:00,49.018,46.094437
2019-03-15 02:00:00,49.312,45.370445
2019-03-15 03:00:00,47.585,44.391518
2019-03-15 04:00:00,47.393,43.480373
2019-03-15 05:00:00,55.164,44.377758
2019-03-15 06:00:00,53.211,53.548977
2019-03-15 07:00:00,93.733,67.86936
2019-03-15 08:00:00,133.496,132.28539
2019-03-15 09:00:00,152.59,147.55736
2019-03-15 10:00:00,209.814,206.74606
2019-03-15 11:00:00,291.346,211.0777
2019-03-15 12:00:00,254.53801,272.58124
2019-03-15 13:00:00,248.903,256.64865
2019-03-15 14:00:00,275.176,253.56236
2019-03-15 15:00:00,263.396,268.18655
2019-03-15 16:00:00,264.476,255.15257
2019-03-15 17:00:00,187.489,240.54662
2019-03-15 18:00:00,166.467,134.95642
2019-03-15 19:00:00,130.469,132.93027
2019-03-15 20:00:00,92.541,100.428986
2019-03-15 21:00:00,65.965,63.67358
2019-03-15 22:00:00,52.002,53.007576
2019-03-15 23:00:00,49.093998,48.763126
2019-03-16 00:00:00,49.994,44.762302
2019-03-16 01:00:00,47.532,45.788036
2019-03-16 02:00:00,47.684,44.47719
2019-03-16 03:00:00,46.819,43.599712
2019-03-16 04:00:00,46.312,43.725906
2019-03-16 05:00:00,46.327003,43.690178
2019-03-16 06:00:00,46.46,45.826942
2019-03-16 07:00:00,46.533,58.069656
2019-03-16 08:00:00,50.425,53.60659
2019-03-16 09:00:00,52.098,48.048595
2019-03-16 10:00:00,52.724,48.46035
2019-03-16 11:00:00,53.871998,48.949898
2019-03-16 12:00:00,53.329002,50.45453
2019-03-16 13:00:00,54.543,50.6511
2019-03-16 14:00:00,56.96,50.967537
2019-03-16 15:00:00,57.432,51.461376
2019-03-16 16:00:00,58.710003,55.325783
2019-03-16 17:00:00,58.635998,54.189606
2019-03-16 18:00:00,59.915,56.715675
2019-03-16 19:00:00,58.783,56.709747
2019-03-16 20:00:00,56.786003,55.23251
2019-03-16 21:00:00,49.692997,53.821674
2019-03-16 22:00:00,47.017002,47.26434
2019-03-16 23:00:00,46.4,44.51592
2019-03-17 00:00:00,46.604,43.997963
2019-03-17 01:00:00,45.270996,44.903584
2019-03-17 02:00:00,45.113,44.12352
2019-03-17 03:00:00,45.51,44.061142
2019-03-17 04:00:00,44.896004,44.35917
2019-03-17 05:00:00,44.326,44.02267
2019-03-17 06:00:00,44.697002,44.38463
2019-03-17 07:00:00,46.175,44.979515
2019-03-17 08:00:00,45.833,46.577354
2019-03-17 09:00:00,48.008,46.18186
2019-03-17 10:00:00,47.775,48.32879
2019-03-17 11:00:00,47.709,47.261425
2019-03-17 12:00:00,48.306,46.67087
2019-03-17 13:00:00,48.614998,47.232254
2019-03-17 14:00:00,49.627,47.985542
2019-03-17 15:00:00,51.843,49.228466
2019-03-17 16:00:00,55.098,51.23114
2019-03-17 17:00:00,54.821003,54.243706
2019-03-17 18:00:00,56.51,52.65541
2019-03-17 19:00:00,54.953003,55.18001
2019-03-17 20:00:00,51.351,52.7094
2019-03-17 21:00:00,48.849,48.80292
2019-03-17 22:00:00,47.641,46.369167
2019-03-17 23:00:00,46.207,45.49426
2019-03-18 00:00:00,47.283,44.24502
2019-03-18 01:00:00,46.292004,45.58916
2019-03-18 02:00:00,45.007,45.063286
2019-03-18 03:00:00,45.501,43.638462
2019-03-18 04:00:00,45.583,44.269478
2019-03-18 05:00:00,54.006,44.588207
2019-03-18 06:00:00,56.515,70.479126
2019-03-18 07:00:00,100.844,87.727936
2019-03-18 08:00:00,142.555,171.91736
2019-03-18 09:00:00,162.0,176.70502
2019-03-18 10:00:00,213.21599,193.05763
2019-03-18 11:00:00,294.513,205.08667
2019-03-18 12:00:00,252.345,279.3774
2019-03-18 13:00:00,252.859,261.0739
2019-03-18 14:00:00,259.527,253.82231
2019-03-18 15:00:00,273.918,254.67526
2019-03-18 16:00:00,272.07498,256.68527
2019-03-18 17:00:00,205.02899,252.84886
2019-03-18 18:00:00,181.401,139.09135
2019-03-18 19:00:00,143.896,138.53004
2019-03-18 20:00:00,105.893,105.042
2019-03-18 21:00:00,69.997,70.27236
2019-03-18 22:00:00,55.063,54.134563
2019-03-18 23:00:00,52.917,49.254436
2019-03-19 00:00:00,51.454998,45.321735
2019-03-19 01:00:00,49.94,45.82918
2019-03-19 02:00:00,48.498,45.08624
2019-03-19 03:00:00,48.336998,44.433624
2019-03-19 04:00:00,48.87,44.035522
2019-03-19 05:00:00,57.913002,44.461166
2019-03-19 06:00:00,57.244003,56.161194
2019-03-19 07:00:00,102.785,77.474525
2019-03-19 08:00:00,143.21901,154.45113
2019-03-19 09:00:00,163.904,159.03282
2019-03-19 10:00:00,214.76501,195.09995
2019-03-19 11:00:00,297.183,217.75826
2019-03-19 12:00:00,259.053,276.06064
2019-03-19 13:00:00,263.92398,259.9825
2019-03-19 14:00:00,278.93698,262.00424
2019-03-19 15:00:00,292.488,270.54758
2019-03-19 16:00:00,266.43,272.47232
2019-03-19 17:00:00,204.932,244.0666
2019-03-19 18:00:00,182.65599,135.62384
2019-03-19 19:00:00,145.418,140.42184
2019-03-19 20:00:00,98.153,109.303185
2019-03-19 21:00:00,64.971,66.89988
2019-03-19 22:00:00,54.179,53.32962
2019-03-19 23:00:00,52.222,48.70877
2019-03-20 00:00:00,50.972,45.807854
2019-03-20 01:00:00,48.419003,46.464138
2019-03-20 02:00:00,48.696003,45.319317
2019-03-20 03:00:00,48.301,44.087807
2019-03-20 04:00:00,52.106,43.980328
2019-03-20 05:00:00,61.822,45.757896
2019-03-20 06:00:00,56.574,61.982395
2019-03-20 07:00:00,101.072,77.183235
2019-03-20 08:00:00,136.43901,154.89964
2019-03-20 09:00:00,161.609,154.66545
2019-03-20 10:00:00,224.939,188.12689
2019-03-20 11:00:00,302.663,221.35757
2019-03-20 12:00:00,266.925,281.12198
2019-03-20 13:00:00,278.928,266.0644
2019-03-20 14:00:00,284.25198,273.5865
2019-03-20 15:00:00,300.16098,278.05527
2019-03-20 16:00:00,287.172,277.64767
2019-03-20 17:00:00,210.523,258.6146
2019-03-20 18:00:00,187.419,135.66917
2019-03-20 19:00:00,148.99701,140.15942
2019-03-20 20:00:00,109.705,111.157845
2019-03-20 21:00:00,72.886,75.96249
2019-03-20 22:00:00,56.309002,55.753525
2019-03-20 23:00:00,54.075,49.960888
2019-03-21 00:00:00,51.184002,46.510384
2019-03-21 01:00:00,50.265,46.693634
2019-03-21 02:00:00,48.093998,45.658085
2019-03-21 03:00:00,48.018997,44.61093
2019-03-21 04:00:00,47.838,44.134556
2019-03-21 05:00:00,56.507,44.333797
2019-03-21 06:00:00,57.22,53.7678
2019-03-21 07:00:00,100.924,76.35247
2019-03-21 08:00:00,133.62401,142.494
2019-03-21 09:00:00,160.874,152.16396
2019-03-21 10:00:00,225.63301,192.85162
2019-03-21 11:00:00,300.52402,223.4517
2019-03-21 12:00:00,268.712,282.01453
2019-03-21 13:00:00,271.648,269.49573
2019-03-21 14:00:00,275.625,271.8268
2019-03-21 15:00:00,279.607,274.69214
2019-03-21 16:00:00,291.59598,267.63452
2019-03-21 17:00:00,205.048,260.83786
2019-03-21 18:00:00,178.138,137.6921
2019-03-21 19:00:00,146.708,139.20483
2019-03-21 20:00:00,113.03,109.87215
2019-03-21 21:00:00,81.551994,77.46652
2019-03-21 22:00:00,57.888,58.400196
2019-03-21 23:00:00,51.671,51.101692
2019-03-22 00:00:00,47.781998,45.85525
2019-03-22 01:00:00,47.202,45.185238
2019-03-22 02:00:00,47.595,44.495647
2019-03-22 03:00:00,47.091,44.40185
2019-03-22 04:00:00,47.498,43.953945
2019-03-22 05:00:00,58.002,43.47472
2019-03-22 06:00:00,57.213,54.396854
2019-03-22 07:00:00,100.77901,77.42924
2019-03-22 08:00:00,138.407,139.7619
2019-03-22 09:00:00,258.785,153.21881
2019-03-22 10:00:00,271.456,254.1462
2019-03-22 11:00:00,265.28998,265.71466
2019-03-22 12:00:00,282.857,269.52277
2019-03-22 13:00:00,283.382,278.5926
2019-03-22 14:00:00,269.163,280.03116
2019-03-22 15:00:00,296.137,272.904
2019-03-22 16:00:00,289.1,277.43033
2019-03-22 17:00:00,204.117,261.9253
2019-03-22 18:00:00,173.27501,125.585495
2019-03-22 19:00:00,138.535,118.448074
2019-03-22 20:00:00,104.765,102.72072
2019-03-22 21:00:00,74.987,70.088234
2019-03-22 22:00:00,58.479,54.929813
2019-03-22 23:00:00,51.154,50.480988
2019-03-23 00:00:00,51.909,45.297386
2019-03-23 01:00:00,50.219,44.945686
2019-03-23 02:00:00,50.374,45.250767
2019-03-23 03:00:00,49.365,45.288147
2019-03-23 04:00:00,49.008,43.40972
2019-03-23 05:00:00,48.333,44.80795
2019-03-23 06:00:00,48.598,56.22156
2019-03-23 07:00:00,49.642002,59.053467
2019-03-23 08:00:00,52.768,53.638386
2019-03-23 09:00:00,53.627,50.07884
2019-03-23 10:00:00,54.246998,48.683903
2019-03-23 11:00:00,54.781002,48.95815
2019-03-23 12:00:00,57.178997,50.81035
2019-03-23 13:00:00,56.264,52.46328
2019-03-23 14:00:00,57.744,51.87966
2019-03-23 15:00:00,58.987003,53.063854
2019-03-23 16:00:00,60.366,58.72741
2019-03-23 17:00:00,62.54,56.438004
2019-03-23 18:00:00,64.939,59.861732
2019-03-23 19:00:00,63.238,60.571415
2019-03-23 20:00:00,58.56,59.503487
2019-03-23 21:00:00,51.694,55.062977
2019-03-23 22:00:00,50.887,49.205418
2019-03-23 23:00:00,49.47,47.97036
2019-03-24 00:00:00,48.478,47.006397
2019-03-24 01:00:00,48.607002,46.541206
2019-03-24 02:00:00,48.22,46.771645
2019-03-24 03:00:00,48.147,46.37793
2019-03-24 04:00:00,46.951,46.42858
2019-03-24 05:00:00,47.789997,45.920307
2019-03-24 06:00:00,47.314003,47.304806
2019-03-24 07:00:00,47.05,46.96606
2019-03-24 08:00:00,48.414997,47.051285
2019-03-24 09:00:00,50.808,48.216846
2019-03-24 10:00:00,50.045,50.68505
2019-03-24 11:00:00,51.293,49.069267
2019-03-24 12:00:00,51.519,50.03874
2019-03-24 13:00:00,51.287,50.51492
2019-03-24 14:00:00,53.210003,50.45483
2019-03-24 15:00:00,54.637,52.342747
2019-03-24 16:00:00,57.296997,53.319332
2019-03-24 17:00:00,57.474,55.45064
2019-03-24 18:00:00,56.528,54.895466
2019-03-24 19:00:00,55.804,54.01563
2019-03-24 20:00:00,56.982,53.17761
2019-03-24 21:00:00,53.173,55.530376
2019-03-24 22:00:00,51.126,50.991688
2019-03-24 23:00:00,50.673996,49.418575
2019-03-25 00:00:00,51.195,48.90374
2019-03-25 01:00:00,49.879,49.30927
2019-03-25 02:00:00,49.042,48.257305
2019-03-25 03:00:00,48.621998,47.66442
2019-03-25 04:00:00,48.304996,47.18436
2019-03-25 05:00:00,58.399,46.605137
2019-03-25 06:00:00,57.614998,81.10995
2019-03-25 07:00:00,97.00101,73.20896
2019-03-25 08:00:00,140.276,174.05408
2019-03-25 09:00:00,260.621,182.53284
2019-03-25 10:00:00,213.403,258.87814
2019-03-25 11:00:00,254.14699,220.49344
2019-03-25 12:00:00,278.98,247.43884
2019-03-25 13:00:00,289.737,270.86752
2019-03-25 14:00:00,291.353,282.3328
2019-03-25 15:00:00,311.115,286.80103
2019-03-25 16:00:00,319.566,285.3418
2019-03-25 17:00:00,293.184,306.27628
2019-03-25 18:00:00,211.321,213.13113
2019-03-25 19:00:00,150.514,130.09184
2019-03-25 20:00:00,114.083,116.96584
2019-03-25 21:00:00,79.593,74.66011
2019-03-25 22:00:00,59.361,54.41045
2019-03-25 23:00:00,52.605,50.38143
2019-03-26 00:00:00,52.624996,47.343704
2019-03-26 01:00:00,49.409,46.50267
2019-03-26 02:00:00,48.106003,45.349873
2019-03-26 03:00:00,48.517998,45.946068
2019-03-26 04:00:00,48.004,45.045662
2019-03-26 05:00:00,58.889,44.027004
2019-03-26 06:00:00,56.574997,59.97643
2019-03-26 07:00:00,99.02701,63.56579
2019-03-26 08:00:00,145.0,178.63464
2019-03-26 09:00:00,270.195,226.35013
2019-03-26 10:00:00,273.65698,268.667
2019-03-26 11:00:00,288.27798,271.78058
2019-03-26 12:00:00,304.03198,281.32388
2019-03-26 13:00:00,295.25998,295.61603
2019-03-26 14:00:00,307.646,293.8269
2019-03-26 15:00:00,320.147,304.09402
2019-03-26 16:00:00,307.89902,305.19366
2019-03-26 17:00:00,314.22,297.37924
2019-03-26 18:00:00,215.95499,242.74
2019-03-26 19:00:00,154.781,118.29014
2019-03-26 20:00:00,114.399,115.104935
2019-03-26 21:00:00,81.57,75.6629
2019-03-26 22:00:00,63.383,55.814297
2019-03-26 23:00:00,54.259,50.6954
2019-03-27 00:00:00,53.308,47.878376
2019-03-27 01:00:00,50.697998,45.94348
2019-03-27 02:00:00,51.215,45.105995
2019-03-27 03:00:00,50.861,45.55176
2019-03-27 04:00:00,50.458004,45.18459
2019-03-27 05:00:00,63.417,45.11458
2019-03-27 06:00:00,55.346,58.689415
2019-03-27 07:00:00,97.485,65.77093
2019-03-27 08:00:00,139.442,140.5871
2019-03-27 09:00:00,263.82498,228.74794
2019-03-27 10:00:00,296.832,266.97113
2019-03-27 11:00:00,291.288,291.70987
2019-03-27 12:00:00,276.253,285.62973
2019-03-27 13:00:00,288.429,279.94888
2019-03-27 14:00:00,301.105,286.59988
2019-03-27 15:00:00,302.47202,297.5586
2019-03-27 16:00:00,311.936,290.37488
2019-03-27 17:00:00,295.069,299.51843
2019-03-27 18:00:00,211.782,232.62799
2019-03-27 19:00:00,158.502,117.636505
2019-03-27 20:00:00,115.340996,113.43041
2019-03-27 21:00:00,80.222,77.09233
2019-03-27 22:00:00,58.349003,56.01298
2019-03-27 23:00:00,51.4,48.950626
2019-03-28 00:00:00,51.109997,46.725124
2019-03-28 01:00:00,48.476,45.38
2019-03-28 02:00:00,49.01,44.33146
2019-03-28 03:00:00,48.751,45.04375
2019-03-28 04:00:00,47.509,44.812614
2019-03-28 05:00:00,57.027,43.8398
2019-03-28 06:00:00,56.239002,54.127056
2019-03-28 07:00:00,96.339005,70.5222
2019-03-28 08:00:00,136.108,135.56476
2019-03-28 09:00:00,265.36798,224.823
2019-03-28 10:00:00,285.875,269.20224
2019-03-28 11:00:00,291.341,283.2957
2019-03-28 12:00:00,289.53,284.55475
2019-03-28 13:00:00,296.621,287.26013
2019-03-28 14:00:00,312.61902,293.90137
2019-03-28 15:00:00,297.40698,305.78827
2019-03-28 16:00:00,320.51102,291.56183
2019-03-28 17:00:00,312.326,302.422
2019-03-28 18:00:00,193.63899,253.11311
2019-03-28 19:00:00,146.485,113.65524
2019-03-28 20:00:00,114.88899,105.879654
2019-03-28 21:00:00,82.576996,75.30116
2019-03-28 22:00:00,64.737,56.18064
2019-03-28 23:00:00,59.587997,51.314827
2019-03-29 00:00:00,56.813,49.195023
2019-03-29 01:00:00,53.781002,46.558365
2019-03-29 02:00:00,50.685,45.374798
2019-03-29 03:00:00,49.139,45.78321
2019-03-29 04:00:00,48.864002,45.378674
2019-03-29 05:00:00,55.809,44.05149
2019-03-29 06:00:00,55.056,53.057926
2019-03-29 07:00:00,96.163,65.53667
2019-03-29 08:00:00,136.991,134.26672
2019-03-29 09:00:00,259.225,226.0399
2019-03-29 10:00:00,283.172,263.58237
2019-03-29 11:00:00,289.984,278.45187
2019-03-29 12:00:00,297.928,280.73267
2019-03-29 13:00:00,296.389,292.7233
2019-03-29 14:00:00,295.03302,296.44083
2019-03-29 15:00:00,301.654,295.50482
2019-03-29 16:00:00,301.23,293.73727
2019-03-29 17:00:00,307.539,294.51065
2019-03-29 18:00:00,195.86299,223.70787
2019-03-29 19:00:00,137.09,117.37447
2019-03-29 20:00:00,100.465,101.45559
2019-03-29 21:00:00,72.452,68.6816
2019-03-29 22:00:00,50.939,53.214108
2019-03-29 23:00:00,47.363,47.542084
2019-03-30 00:00:00,48.06,46.48709
2019-03-30 01:00:00,47.710003,43.872055
2019-03-30 02:00:00,46.049,43.58008
2019-03-30 03:00:00,45.044,44.144806
2019-03-30 04:00:00,45.525,43.725796
2019-03-30 05:00:00,45.803,43.27214
2019-03-30 06:00:00,44.771,47.234093
2019-03-30 07:00:00,46.530003,53.610336
2019-03-30 08:00:00,50.23,55.810818
2019-03-30 09:00:00,51.853,50.586784
2019-03-30 10:00:00,51.986004,45.65106
2019-03-30 11:00:00,53.822002,47.012325
2019-03-30 12:00:00,55.549,49.62893
2019-03-30 13:00:00,57.741997,52.835785
2019-03-30 14:00:00,56.978,52.763905
2019-03-30 15:00:00,58.248997,52.387016
2019-03-30 16:00:00,57.552002,56.779827
2019-03-30 17:00:00,57.837,62.746063
2019-03-30 18:00:00,57.074,56.279945
2019-03-30 19:00:00,57.184,54.58446
2019-03-30 20:00:00,56.001,54.26469
2019-03-30 21:00:00,48.308002,53.346916
2019-03-30 22:00:00,48.524002,45.855526
2019-03-30 23:00:00,48.652996,46.02987
2019-03-31 00:00:00,48.772,46.214886
2019-03-31 02:00:00,46.614,46.907215
2019-03-31 03:00:00,45.175,44.965977
2019-03-31 04:00:00,44.135998,44.006973
2019-03-31 05:00:00,44.223,42.7437
2019-03-31 06:00:00,44.545,43.249653
2019-03-31 07:00:00,45.735,44.382843
2019-03-31 08:00:00,44.895,45.626186
2019-03-31 09:00:00,46.050003,45.256523
2019-03-31 10:00:00,47.256,46.059902
2019-03-31 11:00:00,48.065,47.281197
2019-03-31 12:00:00,49.036,47.618725
2019-03-31 13:00:00,48.225002,48.792595
2019-03-31 14:00:00,49.311,47.83161
2019-03-31 15:00:00,50.055,49.072235
2019-03-31 16:00:00,51.801003,49.53974
2019-03-31 17:00:00,50.231,50.99413
2019-03-31 18:00:00,51.869,49.298958
2019-03-31 19:00:00,57.181,50.463596
2019-03-31 20:00:00,56.045002,56.70213
2019-03-31 21:00:00,50.73,55.892605
2019-03-31 22:00:00,47.525997,48.975502
2019-03-31 23:00:00,47.687,45.248623
2019-04-01 00:00:00,52.993,45.230648
2019-04-01 01:00:00,50.114998,52.1798
2019-04-01 02:00:00,50.877,49.35113
2019-04-01 03:00:00,49.459,51.073387
2019-04-01 04:00:00,48.921997,47.472675
2019-04-01 05:00:00,49.903004,46.764927
2019-04-01 06:00:00,62.656002,48.49723
2019-04-01 07:00:00,102.966,114.92577
2019-04-01 08:00:00,139.73999,170.68283
2019-04-01 09:00:00,161.47499,186.47847
2019-04-01 10:00:00,224.283,194.81163
2019-04-01 11:00:00,264.31302,211.13972
2019-04-01 12:00:00,228.87,254.44983
2019-04-01 13:00:00,232.156,232.64452
2019-04-01 14:00:00,251.293,230.06543
2019-04-01 15:00:00,241.944,241.41331
2019-04-01 16:00:00,245.302,232.74422
2019-04-01 17:00:00,200.76399,223.44118
2019-04-01 18:00:00,173.033,138.9364
2019-04-01 19:00:00,135.44699,129.01466
2019-04-01 20:00:00,96.695,100.14153
2019-04-01 21:00:00,71.919,65.546875
2019-04-01 22:00:00,60.885002,53.870586
2019-04-01 23:00:00,56.135998,49.675964
2019-04-02 00:00:00,47.082,46.65694
2019-04-02 01:00:00,46.657997,44.931576
2019-04-02 02:00:00,45.848,43.856846
2019-04-02 03:00:00,46.042,43.326317
2019-04-02 04:00:00,46.178997,43.962925
2019-04-02 05:00:00,54.292,44.058647
2019-04-02 06:00:00,54.416,54.234676
2019-04-02 07:00:00,101.463,72.88067
2019-04-02 08:00:00,137.79399,145.17427
2019-04-02 09:00:00,155.524,152.98828
2019-04-02 10:00:00,213.775,221.97559
2019-04-02 11:00:00,261.074,218.64867
2019-04-02 12:00:00,233.797,250.56734
2019-04-02 13:00:00,244.633,238.79483
2019-04-02 14:00:00,233.28,244.48872
2019-04-02 15:00:00,233.61699,235.09206
2019-04-02 16:00:00,241.39099,224.65416
2019-04-02 17:00:00,196.67,214.67747
2019-04-02 18:00:00,178.93599,135.03528
2019-04-02 19:00:00,146.375,132.2246
2019-04-02 20:00:00,111.246,109.194626
2019-04-02 21:00:00,82.182,77.3555
2019-04-02 22:00:00,63.263996,56.138115
2019-04-02 23:00:00,51.178,50.915993
2019-04-03 00:00:00,50.104,45.55156
2019-04-03 01:00:00,45.871,44.962833
2019-04-03 02:00:00,46.034,43.27449
2019-04-03 03:00:00,46.638,43.53605
2019-04-03 04:00:00,45.476,44.00026
2019-04-03 05:00:00,47.045998,43.630913
2019-04-03 06:00:00,49.594,46.731762
2019-04-03 07:00:00,88.093,61.315514
2019-04-03 08:00:00,113.614006,124.93589
2019-04-03 09:00:00,122.744995,137.72113
2019-04-03 10:00:00,181.79901,239.69621
2019-04-03 11:00:00,257.995,209.6353
2019-04-03 12:00:00,222.339,245.36458
2019-04-03 13:00:00,212.293,229.7211
2019-04-03 14:00:00,218.18701,220.60602
2019-04-03 15:00:00,221.21799,220.19812
2019-04-03 16:00:00,209.94,216.1942
2019-04-03 17:00:00,165.211,196.19609
2019-04-03 18:00:00,157.681,133.22566
2019-04-03 19:00:00,126.625,127.225075
2019-04-03 20:00:00,88.451,97.796844
2019-04-03 21:00:00,63.006,63.59166
2019-04-03 22:00:00,54.542,51.382294
2019-04-03 23:00:00,48.765,48.53287
2019-04-04 00:00:00,52.365997,44.334824
2019-04-04 01:00:00,50.499,44.67638
2019-04-04 02:00:00,49.137,44.034134
2019-04-04 03:00:00,48.834,43.773468
2019-04-04 04:00:00,51.87,42.795704
2019-04-04 05:00:00,57.484,43.81357
2019-04-04 06:00:00,52.72,55.598515
2019-04-04 07:00:00,103.3,67.9375
2019-04-04 08:00:00,134.794,133.5463
2019-04-04 09:00:00,248.77701,140.87044
2019-04-04 10:00:00,252.48099,231.99399
2019-04-04 11:00:00,265.93698,243.72469
2019-04-04 12:00:00,257.517,259.4319
2019-04-04 13:00:00,255.506,253.60052
2019-04-04 14:00:00,269.72202,251.26743
2019-04-04 15:00:00,272.296,257.33737
2019-04-04 16:00:00,276.45,247.94298
2019-04-04 17:00:00,266.345,243.14725
2019-04-04 18:00:00,203.838,139.58391
2019-04-04 19:00:00,146.76,115.09944
2019-04-04 20:00:00,105.326996,110.095474
2019-04-04 21:00:00,74.793,70.507126
2019-04-04 22:00:00,58.217003,53.457127
2019-04-04 23:00:00,51.065998,48.769295
2019-04-05 00:00:00,51.058,46.02166
2019-04-05 01:00:00,50.532,45.412262
2019-04-05 02:00:00,48.051,44.51851
2019-04-05 03:00:00,48.912003,44.412094
2019-04-05 04:00:00,49.207996,44.75904
2019-04-05 05:00:00,48.102997,44.609165
2019-04-05 06:00:00,48.959,50.841297
2019-04-05 07:00:00,50.815,58.22628
2019-04-05 08:00:00,89.788994,62.31935
2019-04-05 09:00:00,154.58,228.9154
2019-04-05 10:00:00,136.92801,181.52106
2019-04-05 11:00:00,132.85199,191.37746
2019-04-05 12:00:00,138.36899,126.426865
2019-04-05 13:00:00,109.236,123.19899
2019-04-05 14:00:00,62.543,92.626144
2019-04-05 15:00:00,64.124,53.938545
2019-04-05 16:00:00,64.125,52.190105
2019-04-05 17:00:00,63.918,52.653053
2019-04-05 18:00:00,63.021,52.10201
2019-04-05 19:00:00,62.262,56.725243
2019-04-05 20:00:00,63.794,58.14786
2019-04-05 21:00:00,58.547,54.281643
2019-04-05 22:00:00,55.638,46.86524
2019-04-05 23:00:00,55.164,48.290436
2019-04-06 00:00:00,55.984997,47.452026
2019-04-06 01:00:00,54.073997,51.78978
2019-04-06 02:00:00,53.998997,52.547657
2019-04-06 03:00:00,51.026997,50.680653
2019-04-06 04:00:00,50.444,47.282795
2019-04-06 05:00:00,56.420002,47.83285
2019-04-06 06:00:00,58.104,51.73769
2019-04-06 07:00:00,86.78001,53.023613
2019-04-06 08:00:00,121.747,78.79716
2019-04-06 09:00:00,267.96802,146.19272
2019-04-06 10:00:00,294.078,234.58792
2019-04-06 11:00:00,299.46698,260.55447
2019-04-06 12:00:00,298.34998,277.9153
2019-04-06 13:00:00,302.792,288.0104
2019-04-06 14:00:00,306.268,294.6093
2019-04-06 15:00:00,310.549,300.8952
2019-04-06 16:00:00,306.693,294.77863
2019-04-06 17:00:00,297.492,297.46466
2019-04-06 18:00:00,185.014,253.23157
2019-04-06 19:00:00,142.17,123.795006
2019-04-06 20:00:00,103.337,101.018036
2019-04-06 21:00:00,73.619,70.60088
2019-04-06 22:00:00,56.559,54.844917
2019-04-06 23:00:00,51.98,49.14923
2019-04-07 00:00:00,47.598,47.677853
2019-04-07 01:00:00,46.855,44.078693
2019-04-07 02:00:00,46.086998,43.946114
2019-04-07 03:00:00,45.193,44.213512
2019-04-07 04:00:00,45.719,43.154247
2019-04-07 05:00:00,58.756,43.14422
2019-04-07 06:00:00,54.427,54.24504
2019-04-07 07:00:00,82.55399,65.38755
2019-04-07 08:00:00,233.224,111.385254
2019-04-07 09:00:00,249.76501,250.36845
2019-04-07 10:00:00,274.397,265.44067
2019-04-07 11:00:00,261.02,276.2911
2019-04-07 12:00:00,275.027,262.49084
2019-04-07 13:00:00,279.683,277.3637
2019-04-07 14:00:00,284.8,280.38013
2019-04-07 15:00:00,285.396,286.07605
2019-04-07 16:00:00,282.236,277.0379
2019-04-07 17:00:00,270.29898,275.7493
2019-04-07 18:00:00,264.925,228.66449
2019-04-07 19:00:00,247.67,119.19855
2019-04-07 20:00:00,116.727005,145.29501
2019-04-07 21:00:00,70.706,77.87456
2019-04-07 22:00:00,59.857,53.821552
2019-04-07 23:00:00,55.384,47.98112
2019-04-08 00:00:00,38.822998,46.557198
2019-04-08 01:00:00,39.27,42.11684
2019-04-08 02:00:00,38.615,43.210808
2019-04-08 03:00:00,37.587,39.542812
2019-04-08 04:00:00,36.858997,40.720898
2019-04-08 05:00:00,37.6,44.30543
2019-04-08 06:00:00,37.322,46.65385
2019-04-08 07:00:00,41.734,51.77335
2019-04-08 08:00:00,43.714,49.943916
2019-04-08 09:00:00,44.288002,54.982216
2019-04-08 10:00:00,44.925,45.930393
2019-04-08 11:00:00,44.673,43.36067
2019-04-08 12:00:00,43.173,42.660133
2019-04-08 13:00:00,43.968998,44.15983
2019-04-08 14:00:00,44.481,46.731277
2019-04-08 15:00:00,45.616,47.00036
2019-04-08 16:00:00,44.982,46.979267
2019-04-08 17:00:00,44.84,47.346237
2019-04-08 18:00:00,45.526,48.087208
2019-04-08 19:00:00,43.619003,46.680454
2019-04-08 20:00:00,44.918003,43.360104
2019-04-08 21:00:00,38.818,44.1582
2019-04-08 22:00:00,39.333,38.48881
2019-04-08 23:00:00,36.973,37.83842
2019-04-09 00:00:00,54.458,35.46601
2019-04-09 01:00:00,49.505,85.908936
2019-04-09 02:00:00,47.609997,51.208187
2019-04-09 03:00:00,46.873,48.19688
2019-04-09 04:00:00,46.375,44.69508
2019-04-09 05:00:00,48.659,43.555817
2019-04-09 06:00:00,57.76,47.556503
2019-04-09 07:00:00,200.608,74.01232
2019-04-09 08:00:00,227.478,211.86024
2019-04-09 09:00:00,249.341,244.10577
2019-04-09 10:00:00,256.914,254.35179
2019-04-09 11:00:00,266.199,254.67299
2019-04-09 12:00:00,267.07498,265.76273
2019-04-09 13:00:00,275.36,265.74786
2019-04-09 14:00:00,276.997,271.15506
2019-04-09 15:00:00,283.832,275.00592
2019-04-09 16:00:00,278.815,279.52646
2019-04-09 17:00:00,271.66998,279.7478
2019-04-09 18:00:00,261.75,117.326546
2019-04-09 19:00:00,248.028,140.49355
2019-04-09 20:00:00,124.961,141.2209
2019-04-09 21:00:00,76.965,76.66656
2019-04-09 22:00:00,62.357998,55.456413
2019-04-09 23:00:00,55.905003,49.559372
2019-04-10 00:00:00,51.131,47.348026
2019-04-10 01:00:00,49.709003,45.121094
2019-04-10 02:00:00,49.004,45.023796
2019-04-10 03:00:00,48.958,43.430496
2019-04-10 04:00:00,48.349,45.071835
2019-04-10 05:00:00,49.553,48.905323
2019-04-10 06:00:00,60.399,59.97457
2019-04-10 07:00:00,93.98599,92.19196
2019-04-10 08:00:00,244.08199,238.78293
2019-04-10 09:00:00,256.002,260.84335
2019-04-10 10:00:00,283.875,271.8718
2019-04-10 11:00:00,282.443,289.04236
2019-04-10 12:00:00,281.4,284.0204
2019-04-10 13:00:00,280.494,288.28613
2019-04-10 14:00:00,282.96,281.05927
2019-04-10 15:00:00,296.061,282.03342
2019-04-10 16:00:00,284.982,281.07983
2019-04-10 17:00:00,281.919,264.75677
2019-04-10 18:00:00,261.447,258.81113
2019-04-10 19:00:00,239.44899,113.75163
2019-04-10 20:00:00,118.611,147.56567
2019-04-10 21:00:00,70.865,75.81276
2019-04-10 22:00:00,53.771,54.29133
2019-04-10 23:00:00,51.125,46.47305
2019-04-11 00:00:00,49.341,45.210278
2019-04-11 01:00:00,49.412,43.767963
2019-04-11 02:00:00,48.627,45.278965
2019-04-11 03:00:00,48.725,42.871307
2019-04-11 04:00:00,48.597,43.525543
2019-04-11 05:00:00,48.375004,47.099373
2019-04-11 06:00:00,63.567997,52.2279
2019-04-11 07:00:00,91.54401,87.16009
2019-04-11 08:00:00,229.69601,243.11479
2019-04-11 09:00:00,236.157,255.8175
2019-04-11 10:00:00,243.147,260.3177
2019-04-11 11:00:00,251.734,259.60965
2019-04-11 12:00:00,256.433,256.99728
2019-04-11 13:00:00,259.927,263.4492
2019-04-11 14:00:00,271.692,261.02145
2019-04-11 15:00:00,257.742,268.93115
